image_path,figure_title,related_text_strong,generated_question,generated_answer
images/img_in_image_box_499_1020_1526_1542.jpg,图 1.2 并五苯薄膜晶体管的剖面结构图。其中沟道宽度为  $ 600 \mu m $ ，沟道长度为  $ 120 \mu m $ ，pmma 栅介质的厚度为 700 nm,"pmma 的一个重要应用就是作为有机薄膜晶体管中绝缘层，人们基于有机薄膜晶体管，做了大量关于 pmma 薄膜对载流子迁移率的影响的研究 $ ^{[20-33]} $ 。首先我们简单介介绍一下有机薄膜晶体管结构和原理。与无机晶体管类似的有机场效应晶体管是一种电压控制器件，其结构主要分为三部分，分别是电极，半导体有源层和绝缘层，其中电极分为栅极，源极和漏极。根据三层结构沉积的顺序不同，可将 otft 分为四种结构：底栅顶接触、底栅底接触、顶栅底接触和顶栅顶接触 $ ^{[20]} $ 。其中底栅顶接触就是栅极沉积在绝缘层下面，源、漏极沉积在半导体层上面，这种结构能够使源漏极与有机半导体很好地接触，并且在良好的绝缘层表面可以形成高质量的半导体薄膜，所以这是研究中最为广泛采用的器件结构 $ ^{[24,25,30]} $ 。以并五苯为有机半导体的底栅顶接触结构有机薄膜晶体管的示意图如图 1.2：有机薄膜晶体管可以等效为一个平板电容，由栅压控制源漏电流，做开关使用，从而实现0或1的逻辑功能 $ ^{[19]} $ 。有机半导体材料的导电率一般比较低，没有可移动的电荷，所以当栅压为零的时候源漏区没有电流流过，而当栅压加正电压时，负电荷会在有机半导体表面聚集，形成空间电荷区，在源极和漏极的电压下会形成电流，处于导通状态 $ ^{[31]} $ 。其中有机半导体材料大多为p型，最有代表性的是并五苯，由于其环形分子，有利于平行堆积及垂直于许多基底的趋势，满足获得高载流子迁移率的要求 $ ^{[11]} $ 。
2000 年以后，对作为介质层的 pmma 薄膜的研究越来越多，以 j. puigdollers 等人研究为例，他们制作了并五苯为有源层，pmma 为介质层的有机薄膜晶体管，其结构如图 1.2。pmma 薄膜采用旋涂的方法制备，整个实验过程在低温（低于  $ 170^{\circ}c $ ）下完成，通过 afm 表征得到的形貌图发现，在 pmma 介质层上的并五苯薄膜比在  $ sio_{2} $  上形成的薄膜表面更加光滑和均匀，pmma薄膜上生长的并五苯薄膜具有更好的结晶性，更有利于空穴载流子的传输，由此得到的载流子迁移率为 $ 0.01\ cm^{2}.v^{-1}.s^{-1} $ ，在并五苯薄膜晶体管中pmma薄膜显示出了比 $ sio_{2} $ 更好的介电特性 $ ^{[32]} $ 。j. puigdollers还研究了温度对这种otft迁移率的影响，当温度升高时，载流子的迁移率增加，薄膜晶体管的关态泄漏电流增加，导致开关比下降。此外，他们还把以pmma为介质层的并五苯薄膜晶体管制作在一种柔性衬底polyethylenephthalate (pen)上面，其电学特性虽然不如单晶硅衬底上制备的并五苯薄膜晶体管，但可以通过提高衬底pen薄膜表面的光滑度方法来提高器件的性能 $ ^{[33]} $ 。",根据提供的并五苯薄膜晶体管剖面结构图，请识别该器件属于哪种具体的场效应晶体管（OTFT）结构布局，并分别指出其栅电极、栅绝缘层以及源/漏接触电极所使用的具体材料。,"该器件属于底栅顶接触（Bottom-Gate Top-Contact, BGTC）结构。其中，栅电极（gate electrode）采用的是铬（Cr），栅绝缘层（gate dielectric）采用的是聚甲基丙烯酸甲酯（PMMA），源/漏接触电极（source and drain contacts）采用的是金（Au）。"
images/img_in_image_box_1021_264_1692_678.jpg,图5.1 a) -d) 镍网掩模技术制备纳米线晶体管的过程；e) 制备的纳米线晶体管的低分辨率sem图；f)  $ sio_{2} $  栅介质横截面的高分辨率sem图,"整个器件的制备过程如图5.1（a）-（d）所示。
sb轻掺杂的 $ sno_{2} $ 纳米线的形貌与结构是通过sem和tem表征。基于 $ sio_{2} $ 固态电解质的纳米线晶体管的形貌是通过sem表征。 $ sio_{2} $ 固态电解质的阻抗特性是通过阻抗分析仪（wk6500b）表征。基于 $ sio_{2} $ 固态电解质的纳米线晶体管的电学特性是通过半导体参数分析仪（keithley 4200）表征。测试过程也是在室温和大气的环境下完成的。图5.1（e）是通过镍网掩模技术制备的单根 $ sno_{2} $ 纳米线晶体管的低分辨率sem图。图5.1（f）是 $ sio_{2} $ 固态电解质横截面的高分辨率sem图。",在利用镍网掩模技术制备纳米线晶体管的结构示意图中，请根据图示从底向上依次列出该器件的各层材料构成，并结合上下文说明其中 $SiO_2$ 层在器件电学功能中扮演的具体角色。,根据示意图，该器件从底向上的结构构成依次为：玻璃基板 (Glass substrate)、ITO 栅电极 (Gate) 以及微孔二氧化硅层 (Microporous $SiO_2$)。在器件的电学功能中，$SiO_2$ 层被用作固态电解质 (Solid electrolyte)。
images/img_in_chart_box_475_594_1752_1120.jpg,图 1-4 蓝-红光分布式反馈激光器,有机激光可以产生可见光范围内的更多振动波长的光，这也是无机激光器所不具备的，因此有机固体激光器一直是 ofet 的热点应用之一。光微纳刻蚀技术（photo-nil）在制作有机分布式反馈激光器时明显的优势就是不需要干燥的刻蚀处理以及严格的光栅制作过程。yamashita 等人报道了用 photo-nil 制作的多层结构的有机激光器。如图 1-4。他们用不掺杂的 uv 树脂将 b-dfb(蓝光分布式反馈)层覆盖，即在 pmma 基板上沉积 uv 树脂层，防止损坏 dfb 光栅。用同样的方法制作 r-dfb（红光分布式反馈）层。这样就形成了具有两个 dfb 谐振腔活跃层的有机激光器，能够同时发射蓝光和红光 $ ^{[23]} $ 。,在如图所示的蓝-红光有机分布式反馈（DFB）激光器多层结构中，位于B-DFB活跃层与PMMA层之间的UV树脂层主要起到了什么作用？其结构设计目的是什么？,该UV树脂层的主要作用是保护层。其结构设计目的是为了覆盖B-DFB（蓝光分布式反馈）层，防止在后续制备（如在PMMA基板上沉积或加工）过程中对已形成的DFB光栅结构造成物理或化学损伤，从而确保谐振腔的完整性。
images/img_in_image_box_799_575_1670_1152.jpg,图4-11 晶体管ii的基本结构图,本实验使用的实验数据来自feng-yu yang等人2010年发表的文章 $ ^{[103]} $ 。晶体管ⅱ基本结构如图4-11。晶体管ⅱ参数提取结果如表4-4所示。,根据图4-11中展示的晶体管ii基本结构图，请分析该器件的栅极配置类型（顶栅或底栅），并指出用于形成源漏电极（Source/Drain）和栅极（Gate）的具体金属材料是什么？,该晶体管属于顶栅（Top-gate）结构。其中，源漏电极采用的金属材料是铂（Pt），而栅极采用的金属材料是金（Au）。
images/img_in_image_box_467_915_2009_1664.jpg,图 2-5 开口率的计算,另外，black matrix 部分为信号走线和存储电容区域，是不透光的，即存在开口率的问题，如图 2-5 所示。开口率的计算公式为：$$  开口率 = \frac{ 有效透光区域面积 }{ 全部面积 } \times 100\%  $$综合上述因素，这一层的透过率仅为 30% 左右。,在薄膜晶体管（TFT）像素设计结构中，哪些具体组件会导致开口率（Aperture Ratio）降低？请结合其物理定义说明开口率的计算方式。,导致开口率降低的主要非透光组件包括信号走线（源极电极 Source electrode 和栅极电极 Gate electrode）、用于控制开关的薄膜晶体管（TFT）以及存储电容区域。开口率的计算方式为：有效透光区域面积（即显示电极 Display electrode 中未被上述不透光组件遮挡的部分）占像素全部面积的百分比，公式为：开口率 = (有效透光区域面积 / 全部面积) × 100%。
images/img_in_image_box_665_1771_1827_2167.jpg,图 4-2 液晶玻璃表面微颗粒清除的运动模式,吸附在液晶玻璃表面的微颗粒受到几种力的共同作用而产生的吸附现象，如图 4-1 所示。从液晶玻璃表面把微颗粒清除时有三种运动模式，分别为：拉升模式、滑动模式和滚动模式 $ ^{[20]} $ ，如图 4-2 所示。,在液晶显示器基板的清洁工艺中，根据微颗粒清除的动力学模型，请简述“滚动模式（Rolling Mode）”与“滑动模式（Sliding Mode）”在受力示意与运动表现上的主要区别。,在滑动模式下，微颗粒受到平行于固体表面的作用力 $F_{	au}$，其运动表现为沿表面的线性平移；而在滚动模式下，微颗粒在受到平行于表面的作用力 $F_{	au}$ 的同时，还伴随着一个旋转力矩的作用（图中以圆弧箭头表示），使其运动表现为绕接触点的旋转并伴随位移。
images/img_in_image_box_478_862_970_1253.jpg,图 3-2 双层有机发光器件,前面讲过，直到 1987 年美国柯达公司的 tang 博士 $ ^{[9]} $  发明了三明治结构的有机机电致发光器件，才使有机电致发光技术具有实用价值。邓博士等人引入了具有高空穴传输性能的一种芳香族二胺 tpd 作空穴传输层（htl），用 8-羟基喹啉铝  $ \left(\mathrm{alq}_{3}\right) $  兼做电子传输层（etl）和发光层（eml），用 ito 玻璃作为阳极，用 mg:ag 合金作为阴极，制成了新一代双层 oled $ ^{[1]} $ ，如图 3-2 所示。,在图 3-2 所示的双层有机发光器件（OLED）结构中，请根据图示及相关技术描述，指出空穴传输层（HTL）所使用的具体材料，并说明 $Alq_3$ 层在该特定结构中承担哪两项功能？,在该双层 OLED 结构中，空穴传输层（HTL）使用的材料是芳香族二胺 TPD。$Alq_3$（8-羟基喹啉铝）层承担着双重功能：它既作为电子传输层（ETL），又作为器件的发光层（EML）。
images/img_in_image_box_404_447_1128_933.jpg,图 1 基于 mini-led 和量子点膜的直下式背光 lcd 结构示意图,"常见的背光结构主要有侧入式及直下式两种,而应用mini-led的背光往往属于直下式背光,其与量子点色彩增强膜相结合的具体结构如图1所示。背光模组中的mini-led灯板位于结构的最下方,其上放置光学功能膜片,包括扩散板、量子点膜及棱镜膜等。工作时,mini-led发出的蓝光经过扩散板的匀化及量子点膜的色彩转换后,形成均匀的白光面光源,再经由液晶模组的处理形成可视图像。lcd 使用背光模组为液晶模块供光,通过调节液晶层的光线透过率来控制最终显示画面的明暗。为达到更好的显示效果,背光模组需满足高亮度、高均匀性、广色域、可局部调光等要求。
量子点扩散板属于粒子散射型扩散板,具备散射光线的特性。通常量子点扩散板以pmma及ps等聚合物作为基体,通过熔融挤出工艺制备,量子点均匀地分散其中。与量子点膜相比,量子点扩散板省去了昂贵的阻隔膜,聚合物基体有助于减少量子点团聚现象,进一步提升量子点的稳定性。量子点扩散板背光结构如图9所示,从上至下包括棱镜膜、量子点扩散板、蓝光mini-led阵列等。对比图1与图9可知,量子点扩散板产生亮度均匀白光的基本工作原理与量子点膜类似 $ ^{[78]} $ ,都具有优秀的色彩表现力。量子点扩散板将量子点膜与扩散板合二为一,兼具色转换及散射特性，简化了背光结构。因此，在大中型尺寸电视的制造中，量子点扩散板相较于量子点膜结构更具优势。当前用于扩散板中的量子点多为ii-vi族半导体量子点，近来钙钛矿量子点由于合成简单、宽色域、光谱可调等优点，在显示领域的研究受到追捧 $ ^{[89,91]} $ 。但其稳定性同样是限制它应用的难题之一。目前，已证明通过配体修饰 $ ^{[92-94]} $ 、离子掺杂 $ ^{[95-96]} $ 、包覆 $ ^{[97-100]} $ 等手段可有效改善其稳定性。其中，包覆的方案可以很好地解决稳定性的问题。由于玻璃和聚合物的结构致密，常将钙钛矿量子点嵌入其中使之与环境隔离，提高量子点稳定性，并且由于聚合物具有良好透光性，对量子点光学性能影响较小。2022年，zhou 等人通过乙烯-醋酸乙烯酯(ethylene vinyl acetate, eva)薄膜涂覆策略制备了 $ cspbx_{3} $ 复合膜，改善了量子点的水氧稳定性并具有优良的背光性能 $ ^{[101]} $ 。chen 等人选用具有较好热稳定性的mn基钙钛矿量子点，并将其封装在ps中制成薄膜来提高量子点对环境因素的耐受性 $ ^{[102]} $ 。lin 的课题组通过控制成核/生长过程，在硼硅酸盐玻璃中沉淀了 $ cspbbr_{3} $ 量子点，制备了 $ cspbbr_{3}@glass@pdms $ 薄膜，得益于玻璃与聚合物的双重保护，复合膜经受高温高湿的老化实验后，仍具有优异的背光色彩表现 $ ^{[103-104]} $ 。chen 等人采用原位超声喷涂法制备了 $ cspbbr_{3}@pmma $ 复合膜，该膜具有宽色域、高色准度及稳定的环境存储性能，可应用于lcd背光显示 $ ^{[87]} $ 。另外，yang 等人在 $ cspbbr_{3} $ 钙钛矿量子点玻璃中掺入mgo，制备了高色域的背光转换膜。通过控制mgo的含量，可实现在522~533 nm的窄范围波长可调。mgo的加入增强了钙钛矿量子点的光学特性与稳定性 $ ^{[105]} $ 。总之，针对钙钛矿水氧稳定性弱的问题，已开展了大量研究。在不断的性能优化下，钙钛矿量子点在背光显示中展现出巨大应用前景。与聚合物结合后，钙钛矿量子点在扩散板中的应用值得被进一步探索。",在如图 1 所示的基于 Mini-LED 和量子点膜的直下式背光 LCD 结构中，请简述从最底层的光源出发，光线依次经过哪些主要光学功能膜层，并说明在这些膜层中光线的物理状态或颜色是如何发生变化的？,"光线从最底层的 Mini-LED 阵列发出后，依次经过以下膜层及变化：
1. **扩散板**：Mini-LED 发出的初始蓝光进入扩散板，利用其粒子散射特性将点光源发出的不均匀光线进行匀化，消除“热点”现象。
2. **量子点膜**：匀化后的蓝光进入量子点膜，通过色彩转换作用，激发出红光和绿光，并与剩余的蓝光混合形成均匀的白光面光源。
3. **棱镜膜**：形成的白光经过棱镜膜进行聚光和光线角度处理，最后进入液晶模组（LCM）用于图像显示。"
images/img_in_image_box_504_737_1880_1834.jpg,图 1.1.2.1 c.w.tang 等 1987 年制备的第一个高效 oled 结构,直到 1987 年，美国柯达公司的 c.w.tang $ ^{[5]} $  等取的了具有里程碑意义的突破。他们制得的发光二级管器件(见图 1.1.2.1)是由合金 mg/ag 做为阴极，铟-锡氧化物的透明薄膜作为阳极，其中夹有两层有机分子芳香二胺衍生物 (tpd) 和八羟基喹啉铝(alq3)，首次引入tpd为空穴传输层，并使用alq3为发光层，在10 v驱动电压下得到了亮度为 $ 1000\ cd/m^{2} $ 的绿光器件，发光效率为1.5 lm/w，寿命在100小时以上。这使得有机电致发光的研究取得了实质性的突破，并且成为世界范围内的一个研究热点，掀起了有机电致发光应用研究的热潮。同时也提供了oled开发者以后努力的方向即，有效的使电子和空穴复合，具有划时代的科学意义。,在1987年C.W. Tang制备的首个高效有机发光二极管（OLED）结构中，分别采用了哪两种具体的有机材料作为空穴传输层和发光层？此外，该器件在10 V驱动电压下的亮度和发光效率达到了多少？,在该OLED结构中，采用芳香二胺衍生物（TPD）作为空穴传输层，采用八羟基喹啉铝（Alq3）作为发光层。该器件在10 V驱动电压下得到了1000 cd/m²的亮度和1.5 lm/W的发光效率。
images/img_in_image_box_701_234_1677_900.jpg,图 3.1 多层电极的结构图,如图 3.1 所示，是薄膜电极的结构示意图。,在显示技术的研究中，多层电极结构常用于优化器件的光电性能。请根据提供的多层电极结构示意图，详细描述该电极从基底（Substrate）向上各功能层的堆叠顺序及其对应的化学成分。,该薄膜电极采用的是典型的介质/金属/介质（DMD）三层堆叠结构。从基底（Substrate）开始向上，各功能层的顺序及化学组成依次为：1. 紧贴基底的第一层为五氧化二铌（Nb2O5）电介质层；2. 中间层为金属银（Ag）导电层；3. 最顶层为第二层五氧化二铌（Nb2O5）电介质层。
images/img_in_image_box_1559_594_1983_1085.jpg,,常见的液晶显示屏组件表面缺陷光学自动检测方法包括：采用平行光作为光源，光源照射到由气浮板承载的被测玻璃基板的表面，利用 ccd 摄像机作为接收器沿着扫描路径对被测玻璃基板进行扫描，实现被测基板不同位置的反射成像，如图 1.1 所示。在 1.1(a) 中，像机 1 和像机 2 表示像机在玻璃运动过程中两个扫描时间点的相对位置。通过观察成像结果，若缺陷在玻璃上表面，缺陷及其阴影各自成像的间距较大，随着缺陷位置向玻璃下表面移动，缺陷及其阴影各自成像的间距越来越小，如图 1.1(b)；直到缺陷出现在玻璃的下表面，两个图像完全重合如图 1.1(c)。可以根据缺陷及其阴影成像间距的大小，判断缺陷在玻璃基板中出现的位置 $ ^{[6]} $ 。,在使用平行光反射成像法对液晶显示屏玻璃基板进行缺陷检测时，若CCD摄像机捕捉到的成像结果显示缺陷与其阴影的成像间距逐渐减小直至完全重合，请说明这一现象反映了缺陷在玻璃基板内部位置的何种变化规律？,成像间距的大小直接反映了缺陷在玻璃基板厚度方向上的深度。当成像间距较大时，缺陷位于玻璃的上表面；随着缺陷位置从上表面向玻璃下表面移动，缺陷与其阴影的成像间距会随之逐渐缩小；当缺陷与其阴影图像完全重合时，表明该缺陷位于玻璃的下表面。
images/img_in_image_box_1164_2367_2167_2616.jpg,图 2 新型带 oca 偏光片的结构,偏光片是 lcd、oled 等显示屏必须用到一种薄膜复合材料，普通偏光片是单面涂覆压敏胶，用于贴合显示屏。其结构如图 1：在生产偏光片的过程中，将 oca 胶涂覆在偏光片的无胶面，或将 oca 胶带复合在偏光片的保护膜面，制得新型带 oca 偏光片，其结构如下图 2：### 3.2 带 oca 偏光片的性能特征,在一种新型带 OCA 的偏光片多层复合结构中，请分别指出用于贴合显示面板（LCD/OLED）与贴合盖板（Cover Plate）的胶层名称，并说明该结构中的偏光片层在不同显示类型（LCD 与 OLED）中分别发挥什么作用？,在这种新型结构中，用于贴合 LCD 或 OLED 显示面板的胶层是 PSA（压敏胶）；用于贴合触控面板（TP）或盖板的胶层是 OCA（光学透明胶）。中间的偏光片层在 LCD 显示中主要起“起偏”作用，而在 OLED 显示中主要起“防反射”作用。
images/img_in_chart_box_376_1340_1345_1693.jpg,图 4.1 基于厌氧紫外胶的夺取式转印方案原理图（(a)转印受体与转印载体复合，(b)(c)施加压力、加热、光照等转印条件，(d)转印载体与转印受体分离）,基于厌氧 uv 胶的转印过程如图 4.1 所示，图(a)为将转印载体与转印受体复合过程；图(b)(c)为压合后施加一定压力、uv 光照、低温加热等转印条件；图(d)为在一定条件下将转印载体与转印受体分离。转印载体上与转印受体结构凸起部分接触的金属层将被选择性地转移到转印受体表面。因而将在转印受体表面得到图案化的金属微纳结构。,在基于厌氧UV胶的夺取式转印（Snatch-style transfer printing）工艺中，金属层实现“选择性转移”的物理机制是什么？请结合转印受体与转印载体的结构特征进行说明。,金属层的选择性转移是通过转印受体（具有凸起结构的柔性模板）与转印载体（表面覆盖有金属层和厌氧UV胶的基底）之间的局部机械接触实现的。在复合过程中，只有转印受体上形貌凸起的部位能与载体表面的厌氧UV胶层直接接触。在施加压力、UV光照和低温加热等转印条件后，接触区域的UV胶固化产生粘附力，将金属层与受体凸起部分牢固结合。当转印载体与受体分离时，仅与凸起结构接触的金属层被“夺取”并转移到受体表面，从而在受体上形成与模板凸起形貌完全一致的图案化金属微纳结构。
images/img_in_image_box_529_2119_1974_2835.jpg,图 2-8 供水系统设计视图,供水系统主要是将过滤后的超纯水经过高压泵的加压后输送到毛刷刷洗位、研磨清洗位及磨后冲洗位；供气系统主要为风刀提供清洁、充足的气源，以使研磨清洗后的液晶玻璃能够快速风干。图 2-8 所示为供水、供气系统设计视图。,在液晶玻璃加工流程中，根据所提供的供水与供气系统设计视图，请说明供气系统在清洗工序后的具体功能是什么，以及其服务的核心组件名称。,供气系统的具体功能是为系统提供清洁、充足的气源，以实现研磨清洗后的液晶玻璃能够快速风干。其服务的核心组件是风刀。
images/img_in_image_box_745_1305_1298_2100.jpg,图 3-2 反应釜照片,"以  $ sncl_{2}\cdot2h_{2}o $  作为 sn 的出发原料，会因为工艺控制不当造成生成的  $ sno_{2} $  薄膜中出现 sn 单质和  $ sno^{[27,133,134]} $ ，降低薄膜的光电综合性能，若采用四价态的  $ sncl_{4}\cdot5h_{2}o $ ，可避免出现类似的问题；与乙醇相比，甲醇的挥发性更强，甲醇的雾滴在飞行过程中更易变得细小，使薄膜沉积更加均匀，在配制工艺允许前提下，采用甲醇作溶剂喷涂效果更佳。因此，本研究使用的喷雾溶液以  $ sncl_{4}\cdot5h_{2}o $  为出发原料，氢氟酸为掺杂剂，甲醇为溶剂，鉴于回流法制备  $ sno_{2}:f $  喷涂液效率不高，本研究采用加温加压的方式，加快溶液内的化学反应速率，提高喷涂液制备效率，具体工艺是将  $ sncl_{4}\cdot5h_{2}o $ 、hf 按照一定比例溶于甲醇，于高温磁力搅拌反应釜中进行反应，反应温度  $ 70\;^{\circ}c $ ，反应压力  $ 0.4\;mpa $ ，反应时间  $ 2.5\;h $ ，工艺流程见图 3-1，配制好的喷涂液为澄清的黄色溶液，图 3-2 给出了高温磁力搅拌反应釜实物图。",在利用如图 3-2 所示的高温磁力搅拌反应釜制备用于显示技术的 SnO2:F 喷涂液时，相比于传统的加流法（回流法），采用该加温加压工艺的主要目的是什么？并请列出该反应过程对应的具体工艺参数（温度、压力与时间）。,采用加温加压工艺的主要目的是为了加快溶液内部的化学反应速率，从而解决回流法制备效率不高的问题，提高喷涂液的制备效率。在该反应釜中进行的具体工艺参数为：反应温度为 70 ℃，反应压力为 0.4 MPa，反应时间为 2.5 h。
images/img_in_image_box_859_2119_1575_2628.jpg,图 1.7 三层器件结构示意图,"日本的 adschi $ ^{[18,19]} $  首次提出了三层器件的结构，即：htl、etl 和 eml。这种结构的优点是细化了每一个层的功能。三层有机电致发光器件的结构如图 1.7 所示。",根据提供的三层有机电致发光器件结构示意图（图 1.7），请列出该器件从下至上完整的物理层叠顺序，并说明该三层有机功能层（HTL、ELL、ETL）设计的核心技术优势是什么？,该器件从下至上的完整层叠顺序为：玻璃基板（Glass substrate）、透明阳极（ITO）、空穴传输层（HTL）、发光层（ELL，对应文本中的EML）、电子传输层（ETL）以及金属阴极（Al）。这种设计的三层有机结构核心技术优势在于细化了每一个功能层的作用，使空穴传输、电子传输和激子复合发光的功能分别由不同的材料层独立承担。
images/img_in_image_box_1299_1649_1721_2056.jpg,图 1 器件的基本结构,"有机/高分子电致发光显示屏的基本结构是两电极(其中一个是透明电极)间夹有机/高分子发光层, 在低于  $ 10 \, v $  (高分子器件低于  $ 5 \, v $ ) 电压驱动下即可实现光的发射, 发射的光可从透明电极侧辐射出来。以 oled 为例, 器件基本结构如图 1。",根据图 1 所示的 OLED 器件结构及其工作原理，请指出哪一层材料充当了器件的阳极（Anode），并结合视觉特征说明该器件的光辐射方向。,在该 OLED 器件结构中，ITO（氧化铟锡）层充当了阳极。光辐射方向是从器件的底部，即通过 ITO 透明电极并穿过玻璃基板（Glass）向外辐射。
images/img_in_image_box_682_337_1673_1046.jpg,图 1-7 钠硅灰石-液晶光电设备,"英国 haider butt 等人通过热处理的方法在玻璃上原位形成一层钠硅灰石的光扩散膜(如图 1-6 所示)，制备得到的光扩散膜具有良好的光扩散效果、较宽的散射区域和较高的透过率(透过率可达 70%以上)。同时，研究人员通过进一步的研究解释了基于钠硅灰石的光扩散机理：钠硅灰石独特的针状微纳米结构，使其具有对光的各向异性，因而在实现对点光源的扩散效果同时具有较大的扩散角度。除此以外，该课题组在上述研究基础上进一步探索，制备了基于钠硅灰石的液晶光电设备(如图 1-7 所示)。研究表明，钠硅灰石-液晶光电设备可以通过改变所施加电压的大小，来精确调控该设备的光扩散性能。同时该设备具有优异的散射范围和散射角，可以广泛应用于生物传感器、全息影像设备等各类光电设备之中，进而引起了对于钠硅灰石的深层次研究 $ ^{[46,47]} $ 。",在如图所示的钠硅灰石-液晶（Devitrite-LC）光电设备结构中，研究人员实现对该设备光扩散性能精确调控的物理手段是什么？此外，根据文中对钠硅灰石扩散机理的描述，其产生光学各向异性的微观结构特征是什么？,该设备通过改变施加在电极（ITO/玻璃电极与石墨烯层）之间的电压大小，来实现对光扩散性能的精确调控。钠硅灰石产生光学各向异性的微观结构特征是其独特的针状微纳米结构。
images/img_in_image_box_1296_1308_2073_1593.jpg,fig.4 (a) diffuse reflectance spectra of the pure  $ sio_{2} $  and  $ sio_{2}/tio_{2}/pmma $  nanoparticles; (b) schematic of the fabrication of the optically transparent adhesive film by roll-to-roll coating $ ^{[53]} $ . reprinted with permission from ref. [53]. copyright(2020) american chemical society.,"光线在经过核壳结构微球时具有多次散射效应,可显著提高光散射角 $ ^{[54]} $ ,有利于扩宽扩散板的视场角。因此,核壳结构微球也适于作为扩散剂使用,如  $ \mathrm{sio}_{2}/\mathrm{ceo}_{2}/\mathrm{poly}(\mathrm{vtms}) $  微球 $ ^{[12]} $ 、 $ \mathrm{zro}_{2}@\mathrm{pmma}@\mathrm{polysiloxane} $  微球 $ ^{[55]} $ 等。2020年,son等人提出了一种具有折射率梯度的单核双壳  $ \mathrm{sio}_{2}/\mathrm{tio}_{2}/\mathrm{pmma} $  纳米颗粒。 $ \mathrm{tio}_{2} $  壳层具有uv屏蔽特性,折射率高于  $ \mathrm{sio}_{2} $  核心与最外层的pmma。如图4(a)所示,相较于纯  $ \mathrm{sio}_{2} $  粒子,光在穿透单核双壳  $ \mathrm{sio}_{2}/\mathrm{tio}_{2}/\mathrm{pmma} $  纳米颗粒时,光路更为复杂,并且能显著改善可见光区的光散射性能。为验证  $ \mathrm{sio}_{2}/\mathrm{tio}_{2}/\mathrm{pmma} $  纳米颗粒的实际性能,他们将纳米颗粒均匀混合在丙烯酸基树脂溶液中,使用辊筒制备了光学透明胶膜,制备过程如图4(b)所示。单核双壳纳米颗粒优异的光散射性能为光学透明胶膜提供了宽视角，并在法线方向上保持了膜的高透光性 $ ^{[53]} $ 。",在利用 $SiO_2/TiO_2/PMMA$ 单核双壳纳米颗粒制备光学透明胶（OTA）薄膜的过程中，这种特定的核壳结构设计如何影响薄膜的光学性能？并请结合工艺示意图简述该薄膜的物理实现方式。,该纳米颗粒采用了具有折射率梯度的单核双壳结构，其中 $TiO_2$ 壳层的折射率高于内部的 $SiO_2$ 核心和最外层的 $PMMA$ 壳层。这种设计使得光线在穿过纳米颗粒时产生更复杂的光路，显著增强了可见光区域的光散射性能，从而为薄膜提供了宽视场角，且能在法线方向保持高透光性；此外，$TiO_2$ 层还赋予了薄膜 UV 屏蔽特性。在物理实现上，根据工艺示意图，这些纳米颗粒被均匀混合在丙烯酸基树脂溶液中，通过卷对卷涂布机（Roll-to-roll coater）将混合溶液涂敷在离型膜（Release film）上，最终形成光学透明胶膜。
images/img_in_image_box_1078_1745_1770_2030.jpg,fig.4.3 schematic diagrams of mis structure (a) and mim structure (b) with pmma as gate dielectric,最后用带有圆孔的掩膜板放在 pmma 薄膜上，用热蒸发台淀积铝电极。这样就完成了 mis 和 mim 两种结构器件的制备，其结构图如图 4.3(a) 和 (b)：此外还制备了没有金属电极的 pmma/ito 玻璃结构，用来研究其光学透射特性。,根据提供的图 4.3 及其描述，在该实验制备的 MIS（金属-绝缘体-半导体）和 MIM（金属-绝缘体-金属）结构器件中，请识别出被用作“门绝缘体（Gate Dielectric）”的具体材料名称，并指出该器件的顶部电极是通过哪种金属材料淀积而成的？,在该器件结构中，用作“门绝缘体（Gate Dielectric）”的材料是 PMMA（聚甲基丙烯酸甲酯）；该器件的顶部电极是通过铝（Al）金属材料淀积而成的。
images/img_in_image_box_1270_1803_2107_2210.jpg,图 1 ffs、fis 结构原理图,"传统 ffs-lcd 和 fis-lcd 结构如图 1 所示, 两种显示模式的电极结构相同, 像素电极均为梳状电极, 公共电极均为面状电极, 并且公共电极位于像素电极下方, 两者之间用绝缘层(二氧化硅或氮化硅)隔开。不同的是 ffs 液晶盒是在像素电极加极性相同的电压, 利用像素电极与公共电极间产生边缘场驱动液晶分子, 而 fis 模式是在像素电极之间施加极性相反的电压, 利用像素电极之间的共面场和与公共电极间的边缘场驱动液晶分子。",在如图 1 所示的电极结构中，FFS-LCD 与 FIS-LCD 两种显示模式在像素电极的电压施加方式以及所产生的驱动电场类型上有何具体区别？,"虽然 FFS-LCD 和 FIS-LCD 的物理结构相同（均采用梳状像素电极、面状公共电极及中间的绝缘层），但其驱动机制存在显著差异：
1. 电压施加方式：FFS 模式在像素电极上施加极性相同的电压；而 FIS 模式在相邻像素电极之间施加极性相反的电压。
2. 驱动电场类型：FFS 模式主要利用像素电极与下方公共电极之间产生的“边缘场”来驱动液晶分子；FIS 模式则结合了像素电极之间的“共面场”以及像素电极与公共电极间的“边缘场”共同驱动液晶分子。"
images/img_in_image_box_355_379_1009_1032.jpg,图 1 本文提出的宽窄视角切换架构的原理图,"图 1 为本文提出架构的液晶显示原理图示，主要由 dlcd、带有微结构的 lcd、背光源模块（含百叶窗结构层 louver film）组成。其中 dlcd 上基板侧与 lcd 上基板与下基板侧均包含偏振器（图中未示出），液晶显示盒的上偏振器与下偏振器成正交关系。dlcd 的上偏振器的偏光轴方向与液晶显示盒的上偏振器的偏振轴方向平行。dlcd 的调光方向为左右视角。lcd 中的微结构棱镜图形的排列方向与背光侧百叶窗结构膜片的光栅排列方向平行。
本技术架构实现宽窄视角的工作原理为:从背光(back light, bl)出射的光,经过百叶窗结构层(louver film),穿过光栅遮挡部分的光被遮挡,另一部分以光栅的预设角度出射,完成对光的第一次调整。当光经过lcd时,由于lcd中设置微型结构图形,光路在微结构中行进方向如图2所示。当背光侧出射光时,经过lcd下基板,再经过微结构棱镜重新分布,进行光的第二次调整,侧面出射光均匀化分散。当dlcd施加适当电压产生微弱垂直电场  $ e_{1} $  时，液晶沿垂直玻璃基板方向的倾角较小，dlcd 中的液晶分子此时在正视与侧视产生的相位延迟较小，光经过dlcd 后光路几乎未发生变化，此时背光源电流为高电平模式，光线经过液晶显示模组后表现为广视角显示，如图1(a)所示。而当光源电流切换为低电平模式时，调光液晶盒中垂直电场  $ e_{1} $  增强，dlcd 中的液晶分子沿垂直基板方向的倾角加大，液晶在dlcd 中在正视与大视角侧视方向的相位延迟增大，光线在大视角下由于相位延迟的产生，部分光线被dlcd 上方的偏振器吸收，光线经过第三次的调整，视角进行第二次的窄化处理，使大视角出射光进入人眼的亮度下降，液晶显示内容由于大视角亮度降低而影像模糊，达到防窥的目的，实现窄视角模式。",在该宽窄视角切换架构中，DLCD（调光液晶盒）层是如何通过调节电场 $E_1$ 来实现从宽视角（WVA）模式向窄视角（NVA）模式转换的？请结合液晶分子的物理状态与光学效应进行分析。,在宽窄视角切换过程中，核心机制在于 DLCD 层中液晶分子对相位延迟（Phase Delay）的调制。在宽视角（WVA）模式下，施加较弱的垂直电场 $E_1$，液晶分子保持较小的倾角，此时正视与侧视方向产生的相位延迟均较小，光线几乎无损通过。当切换至窄视角（NVA）模式时，增强垂直电场 $E_1$，使 DLCD 中的液晶分子沿垂直基板方向的倾角加大；这导致光线在大视角（侧视）方向产生的相位延迟显著增大。由于相位延迟的作用，侧向出射的光线在经过 DLCD 上方的偏振器时被吸收，从而降低了大视角下的显示亮度，实现视角第二次窄化及防窥效果。
images/img_in_image_box_617_229_1376_911.jpg,图5−1 器件结构与有机材料分子结构图,"利用旋转涂敷和真空蒸发的技术制备了绿光foled和普通oled，器件结构分别为pet/ito/pvk:tpd/alq_{3}/ba/al（器件一）和玻璃/ito/pvk:tpd/alq_{3}/ba/al（器件二），光从附有ito导电膜的基底一侧输出，其中pvk:tpd作为空穴传输层，alq_{3}层作为发光层，金属al作为阴极。器件的结构及所用有机材料的分子结构式如图5-1所示。
图 5−2 是在直流电压驱动下器件的电致发光 el 谱。当电流密度增加时，器件的 el 谱强度也相应增大，但其最大发射波长  $ \lambda_{max} $  基本保持不变，约在 540nm 处，与  $ alq_{3} $  的特征发光峰基本相似，证明该器件的发光来自于  $ alq_{3} $  层。
当外加直流电压为 7v 时，foled 的电流密度为  $ 0.001a/cm^{2} $ ，此时已能明显地观察到发光现象；继续增加电压至 20v，器件稳定的发出明亮而稳定的绿光。从图 5-3 可以看出，foled 的开启电压约为 7v 左右。比普通 oled 的开启电压 (6v 左右) 略有增高。随着工作电压的升高，foled 的发光也越来越强，工作电压在 20v 时，亮度为  $ 1000cd/m^{2} $ 。普通 oled 的工作电压为 20v 时，亮度为  $ 1200cd/m^{2} $ 。
图 5−4 是器件的量子效率—电流密度特性曲线。从图可以看出，它们的量子效率—电流密度特性曲线的基本趋势相似，只是 foled 的量子效率略小于普通 oled 的量子效率。随着电流密度的增加，量子效率除初始阶段在很短时间内陡升到一定值后，便呈缓慢上升的趋势，甚至呈直线状态。说明对应于某一电流密度存在量子效率最大值，并且在此电流密度下电子和空穴复合成激子并转换为光子的几率也相应达到最大。从图可以看出，foled 在电流密度为  $ 0.20a/cm^{2} $  时，量子效率值达最大为 0.27%；普通 oled 在电流密度为  $ 0.20a/cm^{2} $  时，量子效率值达最大为 0.29%。同时可以看到，当电流密度从  $ 0.05a/cm^{2} $  增加到  $ 0.20a/cm^{2} $  时，量子效率值实际变化均很小，说明在这一电流密度变化区域内已基本达到稳定发光状态。",在基于图5-1所示结构的绿光FOLED（PET基底）与普通OLED（玻璃基底）的性能对比中，请根据实验数据分别给出两者的开启电压，并说明在电流密度达到 $0.20 	ext{A/cm}^2$ 时，哪种器件的量子效率更高以及具体的数值是多少？,根据实验数据，FOLED的开启电压约为 7V，而普通OLED的开启电压约为 6V。在电流密度为 $0.20 	ext{A/cm}^2$ 时，普通OLED表现出更高的量子效率，其最大值为 0.29%，而FOLED在相同电流密度下的最大量子效率为 0.27%。
images/img_in_image_box_737_492_1743_1087.jpg,图 1.4 有机电致发光器件结构示意图,在 1987 年，美国的 kodak(柯达)公司的 c.w. tang 在实验中第一次制备出了多层有机薄膜器。这种多层有机薄膜器具有 “三明治” 结构，即：有机层夹在两电极中间。有机电致发光器件结构示意图如图 1.4 所示。该有机电致发光器件的阳极的材料为铟锡氧化物(ito)，阴极材料为具有电离势能较低的金属，其主要的作用是产生电子。而中间有机层可以是一种或多种有机材料。有机电致发光器件经历了多年的发展，从单层器件到结构复杂的器件，有机电致发光器件在性能提升方面取得了巨大的进步。,在图 1.4 所示的有机电致发光器件（OLED）多层结构示意图中，请依次列出夹在阳极（Anode）与阴极（Cathode）之间的所有功能层名称，并说明根据文中所述，阴极材料的选择标准及其核心功能是什么？,夹在阳极与阴极之间的功能层按顺序依次为：空穴注入层（Hole injection layer）、空穴传输层（Hole transport layer）、发光层（Emitter layer）以及电子注入层（Electron injection layer）。根据文中所述，阴极材料的选择标准是具有较低的电离势能，其核心功能是产生电子。
images/img_in_image_box_892_402_1533_1080.jpg,图 1.3 hit 太阳电池结构图,作为一种高效太阳电池的设计和制造方法，hit 电池最早由日本的三洋公司所提出。hit 电池是一种具有非晶硅/单晶硅异质结构的太阳能电池，该电池是以晶体硅为基体和非晶硅薄膜相结合组成的新型太阳电池。hit 电池具有制备温度低、转换效率高、高温特性好等优点，hit 电池的高效率是该电池和传统晶硅电池相竞争的最大优势。hit 电池的基本构造为晶体硅片的表面沉积作为受光照层的本征 a-si：h 膜和 p 型 a-si：h 膜，以及背面所沉积的本征和 n 型 a-si：h 膜，上下两侧的顶层均需制备透明导电电极。在 a-si：h 和电极之间沉积一层 tco 薄膜，其目的为保证电流的正常输出，图 1.3 为 hit 电池结构。作为导电层和减反射层的 tco 薄膜必须具有较高的透过率和较低的方块电阻。基于该特性，采用磁控溅射技术在电池两侧沉积 ito 薄膜作为透明电极，在 hit 电池中得到了广泛应用 $ ^{[27]} $ 。ito 薄膜作为 hit 太阳电池的透明导电电极，同时起到了减少反射和增加导电的作用，其性能好坏对电池效率具有很大影响 $ ^{[28]} $ 。,在所提供的HIT（本征薄膜异质结）太阳电池结构图中，透明导电氧化物（TCO）层采用了哪种具体材料？并请结合图文说明该层在电池中起到的两个主要功能是什么？,该结构中TCO层采用的具体材料是ITO（氧化铟锡）。其在电池中的两个主要功能分别是：1. 作为透明导电电极，确保电流的正常输出并增加导电性；2. 作为减反射层（增加光线透过率），减少入射光的反射以提高电池效率。
images/img_in_image_box_120_750_953_1548.jpg,图 3 试样制备模拟图,而形成螺距梯度是获得宽带反射式胆甾相液晶偏振片的有效手段。如何有效地将所获得的胆甾相液晶的螺距梯度固定下来则是获得具有理想反射波长和反射带宽反射式胆甾相偏振片的又一关键所在。本文通过具有不同反射波长的胆甾相环硅氧烷液晶层之间的分子扩散建立液晶基元的浓度梯度，取向后获得螺距梯度分布；通过玻璃化转变温度以下分子链段运动的迅速“冻结”固定所获得的螺距梯度分布，从而获宽带反射固体膜 $$ 7-9 $$ 。为进一步提高反射膜的热稳定性，本文通过玻璃化转变温度以下内含可光聚合单体聚合形成的网络结构进一步稳定液晶基元的分子排列结构，图2为聚合物网络结构的扫描电子显微镜照片。上述工艺的模拟图如图3所示。,在所提供的宽带反射式胆甾相液晶膜试样制备模拟图中，从左下角的有序排列状态经过“Irradiation（辐射）”步骤后，其微观结构发生了什么变化？该变化的主要目的是什么？,经过“Irradiation”步骤后，液晶层内部形成了交错的网状结构（即聚合物网络）。该变化的主要目的是通过光聚合单体形成的网络结构，进一步锁定和稳定液晶基元的分子排列结构（即螺距梯度），从而提高反射膜的热稳定性。
images/img_in_image_box_765_1836_1733_2159.jpg,图 1-3 lcd 显示器件结构图,平板显示器件是实现文字和图像显示的人机交互载体，主要由显示模组、背光模组和触控模组组成，其中显示模组又由液晶面板、偏光片、驱动芯片（ic）、电路板（pcb 和 fpc）等部件组成 $ ^{[2]} $ 。以目前主流的 lcd 和 oled 显示器为例，其结构如图 1-3、1-4 所示。,在典型的LCD（液晶显示）器件结构中，‘显示模组’（Display Module）作为核心组成部分，通常位于背光模组之上、触控模组之下。请根据结构图示，列出构成该显示模组内部层级结构的主要部件。,根据LCD显示器件结构图，显示模组主要由以下部件构成：上偏光片（Upper Polarizer）、LCD面板（LCD Panel）以及下偏光片（Lower Polarizer）。此外，该模组还包含与其相连的集成电路（IC）和线路板（PCB/FPC）。
images/img_in_image_box_396_1442_950_1899.jpg,图 2 液晶分子慢响应特性,"液晶显示器使用荧光灯管(ccfl)或者led作为背光源,液晶分子在电场的控制下作为“光阀”使用。当lcd像素两端施加的电压变化时,液晶分子的排列取向亦随之改变,形成光开关实现像素的黑白转换。所谓的液晶分子响应时间指像素由黑转白、由白转黑所需要的时间,分别为上升时间 $ (t_{\mathrm{d}}) $ 、下降时间 $ (t_{\mathrm{r}}) $ 。如图2所示,上升时间 $ (t_{\mathrm{d}}) $ 指图像亮度从10%上升到90%所需时间、下降时间 $ (t_{\mathrm{r}}) $ 指图像亮度从90%下降到10%所需时间。",在液晶显示技术中，像素的响应速度直接影响动态画面的质量。请根据液晶分子作为“光阀”的工作原理，具体说明上升时间（$t_d$）与下降时间（$t_r$）在亮度变化上的技术定义。,上升时间（$t_d$）定义为图像亮度从10%上升到90%所需要的时间，这通常对应像素由黑态转换到白态的过程；下降时间（$t_r$）定义为图像亮度从90%下降到10%所需要的时间，通常对应像素由白态转换到黑态的过程。
images/img_in_image_box_702_283_1719_1281.jpg,图 2.14 主要有机材料的分子式及器件结构,实验时把ito玻璃衬底经清洗及等离子体处理后放入 $ 1.33\times10^{-4}pa $ 的真空室内，相继蒸发空穴注入层、空穴传输层、发光层、电子传输层及电子注入层，然后制作金属电极，其中混合电子传输层采用双源蒸发的方法，最后器件密封测量。器件的亮度，色度及光谱通过pr650光谱扫描色度计测量，亮度电压、电流电压特性用keithley 2400测试仪及ls110型亮度计组成的测试系统进行测量。图2.14是本实验所用的主要有机材料分子结构及器件结构示意图。,在图 2.14 所示的有机发光二极管（OLED）器件结构中，紧邻 ITO 玻璃衬底的两个连续有机层分别使用了什么材料，并根据其实验制备顺序说明它们各自属于哪种功能层？,紧邻 ITO 玻璃衬底的第一个有机层使用的材料是 m-MTDATA，属于空穴注入层；位于其上方的第二个有机层使用的材料是 NPB，属于空穴传输层。
images/img_in_image_box_720_1889_1658_2371.jpg,图 1.5 气浮支承下的大型玻璃基板,随着市场对大型液晶面板的需求，各国的高新技术公司也相继推出了针对大型玻璃基板传输运用的气浮支承机器，例如美国的 new way air bearings 公司 $ ^{[31]} $ ，日本的 smc 株式会社 $ ^{[32]} $ 以及德国的 festo 公司 $ ^{[33]} $ ，图 1.5 为大型玻璃基板在气浮支承下的传输过程 $ ^{[34]} $ 。如今第 11 代线玻璃基板的尺寸已达到  $ 3000 mm \times 3320 mm $ ，而它的厚度仅有 0.5 mm。即便拥有气浮非接触承载技术的支承效果，如此巨大且轻薄的基板在传输过程中，经过导轨间隔处与喷气孔间隔处的部分仍易发生弯曲变形。因此研究气浮单元的结构参数与玻璃基板受力变形的关系，对提高支承稳定性，减小玻璃基板变形从而提高检测精度，设计和优化气浮系统性能有着十分重要的指导意义。,针对尺寸为 3000 mm × 3320 mm、厚度仅为 0.5 mm 的第 11 代线大型玻璃基板，在采用气浮非接触非接触承载技术进行传输时，基板的哪些具体位置最容易出现弯曲变形？研究气浮单元结构参数与这种变形的关系主要有哪些实际应用价值？,在这种传输过程中，大型玻璃基板在经过“导轨间隔处”与“喷气孔间隔处”的部分最容易发生弯曲变形。研究气浮单元结构参数与基板变形的关系，其指导意义在于：1. 提高支承过程的稳定性；2. 减小基板变形从而提高后续的检测精度；3. 为气浮系统的设计和性能优化提供依据。
images/img_in_image_box_454_2152_2005_2725.jpg,图 3-5 蚀刻液水平流动造成线宽减小,在喷淋蚀刻过程中，理想的情况是蚀刻只在垂直方向进行，水平方向不应该有蚀刻现象发生。但是实际上蚀刻药水从顶部喷淋到下面的基板上后，会在水平方向流动和传递，这样即使有抗蚀剂保护的线路，依然会在侧面被蚀刻掉一部分铜，造成实际得到的线路宽度小于抗蚀剂所提供的线条宽度，这种现象叫做过蚀刻。过蚀刻是不可避免的，它造成最终线路宽度比起设计值来有所减小。图 3-5 为线路从侧面发生蚀刻的示意图。,在喷淋蚀刻（Spray Etching）工艺中，根据蚀刻液流动的物理过程示意图，请说明导致“过蚀刻”现象的具体机制，以及该现象对最终形成的铜箔线路宽度有何影响？,过蚀刻（Over-etching）的机制在于：蚀刻液从上方垂直喷淋到基板后，并不会只进行垂直方向的反应，而是会在基板表面发生水平方向的流动和传递。这种水平流动会导致受到抗蚀剂（如干膜）保护的铜箔侧面也被蚀刻掉一部分。其结果是，最终得到的实际线路宽度会小于设计时由抗蚀剂（干膜）所确定的线条宽度。
images/img_in_image_box_732_382_1691_1061.jpg,图 2.2 磁控溅射设备图,本课题使用的溅射镀膜设备是国产 msib-6000 型超高真空磁控溅射/离子束溅射一体机，仪器如图 2.2 所示。该磁控溅射仪具有 3 个腔室，从图中标注可以看出，仪器从左到右分别为进样室、磁控溅射室和离子束溅射室，其组成主要分为溅射系统、抽气系统、供气系统、测量和控制系统以及冷却系统。,根据提供的msib-6000型超高真空一体化溅射设备示意图及其技术描述，请按空间排列顺序指出该设备从左至右包含哪三个主要功能腔室，并说明构成该集成系统的五个核心子系统是什么？,根据图示标注和文本描述，该设备从左到右的三个主要功能腔室依次为：进样室、磁控溅射室和离子束溅射室。构成该集成系统的五个核心子系统分别为：溅射系统、抽气系统、供气系统、测量和控制系统以及冷却系统。
images/img_in_image_box_338_582_2127_1562.jpg,图 2-6 防变形网版贴附机构设计视图,防变形网版贴附机构，在偏光片的贴附过程中，由于偏光片具有薄、翘及易褶皱的特性，传统的胶辊对平台贴附方式在贴附偏光片时，易产生划痕、偏位及气泡等缺陷，已不能满足生产工艺的要求。因此兼具柔性与韧性的网版成为了一个很好的选择，但是传统网版加真空时容易变形，吸附在上面的偏光片亦随之变形，严重影响了视觉对位的精度。针对此种情况，研究开发具有防变形网版真空吸附技术的贴附机构成为了必须克服的难题。双层网版结构是解决这一难题的关键技术，利用张力不同的上下两层网版形成真空腔体，加真空时张力较大的上层网版保持不变形，张力较小的下层网版变形，以此平衡腔体压力的变化。如图 2-6 所示，防变形网版贴附机构主要由防变形网版真空吸附部件、胶辊滚压部件、液晶玻璃 ccd 部件、液晶玻璃转移贴合部件、偏光片 ccd 部件等部件组成。,在偏光片贴附工艺中，图2-6所示的防变形网版贴附机构是如何利用双层网版结构解决真空吸附导致的变形问题的？,该机构采用了具有不同张力的上下两层网版构成的真空腔体。在加真空吸附时，利用张力较大的上层网版保持形状不发生变形，而由张力较小的下层网版发生变形，以此来平衡腔体内部压力的变化。通过这种方式，吸附在网版上的偏光片能够保持平整，从而确保视觉对位的高精度。
images/img_in_image_box_404_1636_1862_2700.jpg,图 4.1 传统器件与叠层器件的结构示意图,本章所提及的叠层有机电致发光器件结构如图 4.1 所示，器件中包括阳极氧化铟锡层；垂直层叠的两个或多个电致发光单元(emissive unit)，各个发光单元之间通过电荷产生层（cgl）连接；最后是器件的金属阴极。相邻有机 el 单元之间的连接，在生产高效的叠层器件中是非常关键的，载流子产生层一般由高导电率的金属薄膜、ito 导电薄膜、有机电学掺杂薄膜等构成，需要满足导电透光的条件。,在上述叠层有机电致发光器件（Tandem OLED）的结构示意图中，连接两个相邻发光单元（Emissive unit）的关键组件被称为“CGL”。请根据提供的信息，说明该组件在器件结构中的具体位置，并阐述为了保证器件的高效发光，该层必须具备哪两项核心物理特性？,在叠层器件结构中，CGL（电荷产生层）位于垂直堆叠的相邻两个发光单元之间，起到电学连接的作用。为了确保器件高效运行，CGL必须具备以下两项核心物理特性：1. 高导电率（或良好的导电性），以确保载流子在单元间的有效传输并降低电压损耗；2. 高透光性（光学透明），以保证内部发光单元产生的光线能够穿透该层并最终从器件中射出，减少光吸收损失。
images/img_in_image_box_667_1379_1951_2376.jpg,图 3-24 视觉运动控制系统,"视觉运动控制系统一般由四部分组成：电机及其驱动、精密工作平台、ccd 摄像头及图像采集卡、图像处理算法及控制软件 $ ^{[9, 10]} $ 。本文所述的视觉运动系统是指在平板显示行业 tft-lcd 制程中，偏光片和玻璃基板贴合工艺所使用的对位系统，该系统的方案如图 3-24 所示。",在 TFT-LCD 偏光片与玻璃基板贴合工艺的视觉运动控制系统中，根据图 3-24 所示的方案，该系统采用了哪种类型的精密对位平台？并请简述主机是如何通过特定的硬件接口卡与视觉采集组件及执行机构（电机）进行通信的。,该系统采用了 UVW 平台作为其精密工作平台。在通信逻辑上，主机通过“图像采集卡”连接并接收来自 CCD1 和 CCD2 两个摄像头的图像数据；同时，主机通过“运动控制卡”向底部的 U、V、W 三个驱动电机发送控制指令，从而实现对 UVW 平台的精确运动控制。
images/img_in_image_box_495_1897_1626_2368.jpg,"图 1.4 基于离子导电膜的晶体管的电化学显示示意图 $ ^{[92]} $ ",基于电解质的低电压晶体管由于其制备简单以及成本低廉等优点，同时在简易显示方面具有潜在的应用价值。said等人制备了单片集成的基于电解质的低电压有机晶体管与有机电致色变器件的显示单元 $ ^{[91]} $ 。在该简易显示单元中，pssh既被用于晶体管的栅介质，同时也作为电致色变器件的质子输运层。有机晶体管以p3ht作为沟道层，金作为源漏电极以及钛作为顶栅电极。而电致色变器件则是将 pssh 夹在两个 pedot:pss 电极之间。通过将晶体管的漏电极连接到电致色变器件的 pedot:pss 底电极形成一个简易显示单元。可以通过控制晶体管的开关来控制电致色变器件的颜色改变，从而实现显示的目的。实际上，电致色变器件颜色的改变是由于电致色变材料发看生了氧化-还原反应。这种简易显示的优点是具有较快的开关速度以及低功耗。kaihovirta 等人同样也报道了通过将以离子导电膜作为栅介质的晶体管与电致色变器件连接在一起的简易显示器件 $ ^{[92]} $ 。不同的他们利用了比较厚的离子导电膜 nafion 同时作为晶体管的栅介质以及器件的支撑衬底，如图 1.4 所示。当加上一个恒定的漏电压以及栅电压时，输出的源漏电流引起电致色变单元发生氧化还原反应，所以器件的颜色发生改变。当改变电压极性时，电致色变器件的颜色将会还原，如图 1.5 所示。事实上，基于电解质的低电压晶体管在这些简易显示单元中起到开关作用。berggren 等人通过印刷技术制备了  $ 5 \times 5 $  的有源矩阵简易电致色变显示器件 $ ^{[93]} $ 。该简易显示中的每个像素单元都包含一个基于 pedot:pss 的电致色变器件同时连接到一个以电解质为栅介质的电化学晶体管。为了提高显示器件的填充因子（显示单元与像素单元面积之比）以及开关速度，垂直结构的电致色变器件制备而成。同时这些研究人员还研究了不同的电致色变材料对简易显示器件对比度的影响。优化的简易显示器件具有较高的填充因子以及较快的开关速度。,在图1.4所示的基于离子导电膜的电化学显示单元结构中，中间的离子导电膜（Membrane）在器件的物理架构和电气功能方面分别扮演了哪两种关键角色？,该离子导电膜（Membrane）在器件中具有双重作用：1. 在物理架构上，它作为整个集成器件（包括MemFET晶体管和EC-display显示单元）的支撑衬底；2. 在电气功能上，它作为MemFET晶体管的栅极电荷感应介质（栅介质层），用于传递栅极电场以控制源漏电流。
images/img_in_image_box_774_1030_1337_1361.jpg,图 2-9 有机单晶离子晶体管基本结构 $ ^{[86]} $ 。,"传统方法制备的 ofet 半导体层一般都是多晶薄膜，而多晶薄膜的晶界有许多缺陷，造成费米能级钉扎，产生电荷势垒，降低载流子迁移率，影响 ofet 器件性能。而单晶技术因具有以下优点而成为近两年研究的热点：（1）高能量带电粒子，固有的等离子体沉积技术，决定了有机半导体表面光滑且高度有序；（2）整个过程可以在常温下进行；（3）不需要高真空要求，适合低成本技术生产；（4）沉积过程速度快；（5）有机半导体单晶与多晶薄膜相比，晶界和缺陷都很少。因此有机单晶晶体可以避免一些多晶甚至非晶有机半导体薄膜中的缺陷、晶界等因素的干扰而获得有机半导体材料的本征性质。其载流子迁移率通常比多晶薄膜要高 $ ^{[79]} $ 。有机单晶酞菁铁 $ ^{[80]} $ 、酞菁铜 $ ^{[81]} $ 、红荧烯 $ ^{[82]} $ 都显示了双极性特性。podzorov等人利用红荧烯单晶制备的有机单晶晶体管的场效应载流子迁移率高达 $ 8\ \text{cm}^{2}/(\text{v}\cdot\text{s})^{[83]} $ 。使用溶液法很难制备高纯度、低缺陷的单晶薄膜。一般单晶薄膜可以通过电化学沉积、扩散沉积、气相沉积等方法来制备，其中又以气相法最为常用。离子液体具有可在室温下工作、化学稳定性不断提高、防水、无毒、不挥发等特性，利用它的离子迅速扩散性能，可以制备出高性能的有机单晶晶体管。已有报道有机单晶半导体被应用于低成本微电极电路中，比如矩阵显示传感等领域 $ ^{[84,85]} $ 。日本电力中央研究所与大阪大学联合开发出了采用离子液体的高性能有机单晶晶体管，基本结构如下图2-9。",在如图 2-9 所示的有机单晶离子晶体管结构中，离子液体（ionic liquid）层位于栅电极（Gate electrode）与有机单晶（organic single crystal）之间。请结合视觉结构和文本描述，说明该离子液体层在器件性能提升方面起到的关键作用及其物理特性优势。,在该器件结构中，离子液体层充当关键的介质层，利用其离子的迅速扩散性能来制备高性能的有机单晶晶体管。其物理特性优势包括：可以在室温下工作、具有不断提高的化学稳定性、防水、无毒且不挥发。这些特性配合有机单晶本身缺陷少、无晶界干扰的本征性质（如高载流子迁移率），共同实现了器件的高性能。
images/img_in_image_box_770_1922_1690_2801.jpg,图 1.2 沿厚度方向垂直堆叠结构的有机电致发光器件,此外，根据有机电致发光器件的材料和结构特性，forrest $ ^{[21]} $ 等人提出了一种实现彩色像元的新方法。如图 1.2 所示，将三基色器件沿厚度方向垂直堆叠，每个器件分别由各自的电极控制，玻璃衬底上的 ito 电极一侧作为蓝光器件的阳极，发射光从该侧出射；自上至下依次为红、绿、蓝色器件，这样的排列顺序是考虑到材料对波长的吸收较小；中间有一层 10 nm 的 mg:ag 同时作为蓝光和绿光器件的阴极。这种结构，亮度、颜色、灰度级被独立地控制，可获得优于传统技术的分辨率 $ ^{[22-26]} $ 。但是，叠层结构目前还存在较大的缺点：一是中间金属电极会减小器件的透过率，同时形成较强的微腔效应，导致颜色的改变和空间上随观察角度不同而变色的现象；二是制作工艺的复杂性带来的器件性能的下降，例如溅射中间 ito 电极时容易导致有机层的损坏 $ ^{[27-29]} $ 。,在图 1.2 所示的垂直堆叠有机电致发光器件中，红、绿、蓝（RGB）三基色子像素自上而下的物理排列顺序是怎样的？此外，这种结构中采用的中间金属电极层会引发哪两类主要的光学性能缺陷？,"1. 该器件中三基色子像素自上而下的排列顺序依次为：红光器件（Red subpixel）、绿光器件（Green subpixel）、蓝光器件（Blue subpixel）。
2. 中间金属电极层引发的两类主要光学缺陷是：一是减小了器件的整体光透过率；二是形成了较强的微腔效应，从而导致颜色改变以及空间上随观察角度不同而产生的变色现象。"
images/img_in_image_box_433_719_1613_1326.jpg,图 2-7 喷雾热解系统总体外观设计图,图 2-7 是喷雾热解系统总体外观设计图（控制系统及喷涂装置未在图中标出），从右至左分别为上片台、加热区、喷涂区、冷却区、卸片台。电炉丝通电对加热室加热，当温度到达预设定值后，将玻璃基板装载至上片台的传动小车上，通过电机带动传至加热室，静止加热，同时由红外测温仪测试基板温度，当基板到达喷涂温度后，小车运动到喷涂室并对基板进行喷涂，预先配制好的喷涂溶液随高速气流经喷枪喷出，形成扇形雾液面，在基板表面沉积，形成薄膜。喷涂时，小车在喷涂室内来回摆动，同时打开抽风装置，排出废气，从而保证镀膜的均匀性。喷涂结束后小车自行运行至冷却室，进行吹风冷却。冷却结束后，于卸片台卸载基板，薄膜制备完成。,根据该喷雾热解系统的设计方案，在喷涂室内进行薄膜沉积过程中，为了保证薄膜的均匀性，系统采用了哪些关键的机械动作与环境控制手段？,为了保证薄膜的均匀性，系统在喷涂过程中采取了以下措施：第一，机械动作方面，装载基板的传动小车会在喷涂室内进行来回摆动；第二，环境控制方面，系统会同步开启抽风装置，以便排出反应过程中产生的废气。
images/img_in_image_box_691_560_1822_1284.jpg,图 1.1 有机电致发光器件层结构图,1982 年，kodak公司的c.w. tang等人首次利用高真空气相沉积的方法成功研制出oled，掀起oled的研究热潮。按照目前的研究现状，oled主要由阳极ito(透明导电衬底)、金属阴极以及有机功能层组成。通常情况下，有机功能层包括发光层、载流子传输层、注入层阻挡层等；在oled的两端加上直流电源，器件受电激发产生发光现象。oled发光的基本可分三个步骤。首先，对器件施加一个外置电压，空穴和电子在电压的作用下克服电极处注入势垒，由阳极和阴极分别注入至空穴传输层（hole transporting layer，htl）的最高分子占有轨道（highest occupied molecular orbital：homo）和电子传输层（electron transporting layer，etl）的最低未占有分子轨道（lowest unoccupied molecular orbital：lumo）。其次，在外部电场的驱动下，空穴和电子分别传递至htl、etl与发光层的界面，界面势垒可能造成界面处电荷积累。最后，空穴和电子在发光层中结合，形成激子，其激发态一般不稳定，将以释放光或热的能量形式而回到稳定的基态，其释放光能量的形式实现发光，产生电致发光现象。整个发光步骤如图 1.1 所示。发光波长由发光材料的homo和lumo的能级差决定，通过调整发光材料的能级差可分别实现oled的红、绿、蓝三原色发光。,在有机电致发光器件（OLED）的多层能级结构中，请根据各层的功能缩写，详细说明空穴（Holes）与电子（Electrons）的传输路径，并指出它们最终在哪个特定层结合形成激子以及该过程产生的物理效应。,根据典型的OLED能级结构图，空穴从阳极ITO注入，依次通过空穴注入层（HIL）和空穴传输层（HTL）向中心输运；电子从金属阴极（Metal）注入，依次通过电子注入层（EIL）和电子传输层（ETL）向中心输运。空穴和电子最终在发光层（EML）中结合形成激子。激子通过释放能量（光能）回到基态，产生电致发光现象，如图中所示的红、绿、蓝（RGB）三色光发射。
images/img_in_image_box_507_1053_1614_1468.jpg,图 4-6 混合过渡层结构示意图。,"实验中我们发现, 如果直接在 ito 玻璃衬底上用磁控溅射的方式镀上一层铜金属薄膜, 薄膜较容易脱落。为了增强铜膜与衬底的附着性, 我们发展了文献 $ ^{[1]} $ 中所提出的通过在 ito 玻璃衬底与铜膜之间引入一层铬膜过渡层的技术来改善薄膜附着性的方法。因而, 采用直流磁控溅射系统沉积铜金属薄膜之前, 我们先在 ito 玻璃上交替制备铬金属层（厚度约 7 nm）和铜金属层（厚度约 10 nm）的复合金属层薄膜。形成由三层铬薄膜和两层铜薄膜组成的类似于合金的混合层结构，然后再依次制备铜薄膜，金属铝保护层薄膜，如图 4-6。从图 4-7 中，得知，在 300 w 溅射的功率下，铬沉积的颗粒形貌为条形，粒径分布为 10~50 纳米，铜的颗粒形貌为圆形，粒径分布为 5~40 纳米。如果在条形状颗粒排列的铬表面上直接沉积较厚的金属膜时，沉积的金属膜比较容易脱落，这是由于条形状的铬与圆形颗粒状的铜之间结合的不够牢固。为此，在铬铜界面之间制备三层铬薄膜和两层铜薄膜组成的混合层结构，其中，除第一层铬外，制备其它四层金属层仍未形成连续的薄膜结构，如图 4-6 所示，采用改结构，可以有效地避免了制备的薄膜从衬底上脱落。",在图4-6所示的混合过渡层结构中，为了改善金属薄膜与衬底的附着力，研究者采用了特定的分层堆叠方案。请详细描述该过渡层由哪几种金属组成、具体的层数分布，以及这些金属颗粒在微观形貌上的特征差异。,该过渡层由金属铬（Cr）和铜（Cu）组成。具体结构是在ITO玻璃衬底上交替制备了三层铬薄膜和两层铜薄膜，形成一种由五层金属组成的类似于合金的复合过渡结构。在微观形貌上，铬（Cr）颗粒呈现为条形，粒径分布在10至50纳米之间；而铜（Cu）颗粒呈现为圆形，粒径分布在5至40纳米之间。在这种结构中，除了紧贴衬底的第一层铬之外，其余四层金属层均未形成连续的薄膜结构。
