image_path,label,confidence,figure_title,figure_subtitle,related_text_strong,related_text_strong_list,image_parsing_result,category,confidence_1,path,rationale,with_meta_data_results,without_meta_data_results,id,extracted_keywords,extraction_reasoning,generated_results,used_hint
images/img_in_image_box_745_1305_1298_2100.jpg,diagram,0.95,图 3-2 反应釜照片,,"以  $ sncl_{2}\cdot2h_{2}o $  作为 sn 的出发原料，会因为工艺控制不当造成生成的  $ sno_{2} $  薄膜中出现 sn 单质和  $ sno^{[27,133,134]} $ ，降低薄膜的光电综合性能，若采用四价态的  $ sncl_{4}\cdot5h_{2}o $ ，可避免出现类似的问题；与乙醇相比，甲醇的挥发性更强，甲醇的雾滴在飞行过程中更易变得细小，使薄膜沉积更加均匀，在配制工艺允许前提下，采用甲醇作溶剂喷涂效果更佳。因此，本研究使用的喷雾溶液以  $ sncl_{4}\cdot5h_{2}o $  为出发原料，氢氟酸为掺杂剂，甲醇为溶剂，鉴于回流法制备  $ sno_{2}:f $  喷涂液效率不高，本研究采用加温加压的方式，加快溶液内的化学反应速率，提高喷涂液制备效率，具体工艺是将  $ sncl_{4}\cdot5h_{2}o $ 、hf 按照一定比例溶于甲醇，于高温磁力搅拌反应釜中进行反应，反应温度  $ 70\;^{\circ}c $ ，反应压力  $ 0.4\;mpa $ ，反应时间  $ 2.5\;h $ ，工艺流程见图 3-1，配制好的喷涂液为澄清的黄色溶液，图 3-2 给出了高温磁力搅拌反应釜实物图。","['以  $ sncl_{2}\\cdot2h_{2}o $  作为 sn 的出发原料，会因为工艺控制不当造成生成的  $ sno_{2} $  薄膜中出现 sn 单质和  $ sno^{[27,133,134]} $ ，降低薄膜的光电综合性能，若采用四价态的  $ sncl_{4}\\cdot5h_{2}o $ ，可避免出现类似的问题；与乙醇相比，甲醇的挥发性更强，甲醇的雾滴在飞行过程中更易变得细小，使薄膜沉积更加均匀，在配制工艺允许前提下，采用甲醇作溶剂喷涂效果更佳。因此，本研究使用的喷雾溶液以  $ sncl_{4}\\cdot5h_{2}o $  为出发原料，氢氟酸为掺杂剂，甲醇为溶剂，鉴于回流法制备  $ sno_{2}:f $  喷涂液效率不高，本研究采用加温加压的方式，加快溶液内的化学反应速率，提高喷涂液制备效率，具体工艺是将  $ sncl_{4}\\cdot5h_{2}o $ 、hf 按照一定比例溶于甲醇，于高温磁力搅拌反应釜中进行反应，反应温度  $ 70\\;^{\\circ}c $ ，反应压力  $ 0.4\\;mpa $ ，反应时间  $ 2.5\\;h $ ，工艺流程见图 3-1，配制好的喷涂液为澄清的黄色溶液，图 3-2 给出了高温磁力搅拌反应釜实物图。']","{
  ""diagrams"": [
    {
      ""id"": ""sub_diagram_1"",
      ""domain"": ""Industrial Equipment"",
      ""summary"": ""A high-pressure reactor apparatus with multiple valves, pressure gauge, and mechanical components."",
      ""entities"": [
        {
          ""id"": ""e1"",
          ""label"": ""压力表"",
          ""type"": ""Pressure Gauge"",
          ""location"": ""top-right""
        },
        {
          ""id"": ""e2"",
          ""label"": ""反应釜"",
          ""type"": ""Reactor Vessel"",
          ""location"": ""center""
        },
        {
          ""id"": ""e3"",
          ""label"": ""阀门"",
          ""type"": ""Valve"",
          ""location"": ""left side""
        },
        {
          ""id"": ""e4"",
          ""label"": ""阀门"",
          ""type"": ""Valve"",
          ""location"": ""right side""
        },
        {
          ""id"": ""e5"",
          ""label"": ""机械臂/夹具"",
          ""type"": ""Mechanical Arm/Clamp"",
          ""location"": ""top-center""
        },
        {
          ""id"": ""e6"",
          ""label"": ""支架"",
          ""type"": ""Support Frame"",
          ""location"": ""bottom""
        }
      ],
      ""relations"": [
        {
          ""source"": ""e1"",
          ""target"": ""e2"",
          ""type"": ""connected_to"",
          ""details"": ""pressure gauge connected to reactor vessel via tubing""
        },
        {
          ""source"": ""e3"",
          ""target"": ""e2"",
          ""type"": ""connected_to"",
          ""details"": ""valve connected to reactor vessel""
        },
        {
          ""source"": ""e4"",
          ""target"": ""e2"",
          ""type"": ""connected_to"",
          ""details"": ""valve connected to reactor vessel""
        },
        {
          ""source"": ""e5"",
          ""target"": ""e2"",
          ""type"": ""mechanical_connection"",
          ""details"": ""mechanical arm/clamp positioned above reactor vessel""
        },
        {
          ""source"": ""e2"",
          ""target"": ""e6"",
          ""type"": ""supported_by"",
          ""details"": ""reactor vessel mounted on support frame""
        }
      ]
    }
  ]
}",材料 (Materials)/有机 (Organic)/OLED材料科学,0.95,有机发光二极管显示(OLED)/OLED材料科学/平板显示/氧化锡与氧化铜透明导电薄膜的制备及性能研究,"The path explicitly places the research within OLED material science, and the abstract focuses on transparent conductive oxide films relevant to OLED devices, confirming the classification.",,,26,['高温磁力搅拌反应釜'],图片展示的是高温磁力搅拌反应釜的实物，与文本中提到的‘高温磁力搅拌反应釜’（用于制备喷涂液的反应设备）视觉内容一致，该设备是文本中喷涂液制备工艺的核心反应装置。,"{'generated_question': '在制备 $SnO_2:F$ 喷涂液的过程中，研究者为何选择甲醇作为溶剂而非乙醇？并请结合图 3-2 说明在反应釜中需维持的具体工艺参数（温度、压力及时间）。', 'generated_answer': '选择甲醇作为溶剂的主要原因在于其挥发性比乙醇更强。在喷涂过程中，强挥发性使甲醇雾滴在飞行过程中更易变得细小，从而确保沉积生成的薄膜更加均匀。根据文本和图 3-2 所示的反应装置，该制备过程需在高温磁力搅拌反应釜中通过加温加压实现，具体工艺参数为：反应温度 $70\\;^{\\circ}C$，反应压力 $0.4\\;MPa$，反应时间 $2.5\\;h$。', 'qa_reasoning': None}",
images/img_in_image_box_691_560_1822_1284.jpg,diagram,1.0,图 1.1 有机电致发光器件层结构图,,1982 年，kodak公司的c.w. tang等人首次利用高真空气相沉积的方法成功研制出oled，掀起oled的研究热潮。按照目前的研究现状，oled主要由阳极ito(透明导电衬底)、金属阴极以及有机功能层组成。通常情况下，有机功能层包括发光层、载流子传输层、注入层阻挡层等；在oled的两端加上直流电源，器件受电激发产生发光现象。oled发光的基本可分三个步骤。首先，对器件施加一个外置电压，空穴和电子在电压的作用下克服电极处注入势垒，由阳极和阴极分别注入至空穴传输层（hole transporting layer，htl）的最高分子占有轨道（highest occupied molecular orbital：homo）和电子传输层（electron transporting layer，etl）的最低未占有分子轨道（lowest unoccupied molecular orbital：lumo）。其次，在外部电场的驱动下，空穴和电子分别传递至htl、etl与发光层的界面，界面势垒可能造成界面处电荷积累。最后，空穴和电子在发光层中结合，形成激子，其激发态一般不稳定，将以释放光或热的能量形式而回到稳定的基态，其释放光能量的形式实现发光，产生电致发光现象。整个发光步骤如图 1.1 所示。发光波长由发光材料的homo和lumo的能级差决定，通过调整发光材料的能级差可分别实现oled的红、绿、蓝三原色发光。,['1982 年，kodak公司的c.w. tang等人首次利用高真空气相沉积的方法成功研制出oled，掀起oled的研究热潮。按照目前的研究现状，oled主要由阳极ito(透明导电衬底)、金属阴极以及有机功能层组成。通常情况下，有机功能层包括发光层、载流子传输层、注入层阻挡层等；在oled的两端加上直流电源，器件受电激发产生发光现象。oled发光的基本可分三个步骤。首先，对器件施加一个外置电压，空穴和电子在电压的作用下克服电极处注入势垒，由阳极和阴极分别注入至空穴传输层（hole transporting layer，htl）的最高分子占有轨道（highest occupied molecular orbital：homo）和电子传输层（electron transporting layer，etl）的最低未占有分子轨道（lowest unoccupied molecular orbital：lumo）。其次，在外部电场的驱动下，空穴和电子分别传递至htl、etl与发光层的界面，界面势垒可能造成界面处电荷积累。最后，空穴和电子在发光层中结合，形成激子，其激发态一般不稳定，将以释放光或热的能量形式而回到稳定的基态，其释放光能量的形式实现发光，产生电致发光现象。整个发光步骤如图 1.1 所示。发光波长由发光材料的homo和lumo的能级差决定，通过调整发光材料的能级差可分别实现oled的红、绿、蓝三原色发光。'],"{
  ""diagrams"": [
    {
      ""id"": ""sub_diagram_1"",
      ""domain"": ""Organic Electronics / OLED Structure"",
      ""summary"": ""Cross-sectional diagram of an organic light-emitting diode (OLED) showing layer structure and charge injection/transport."",
      ""entities"": [
        {""id"": ""e1"", ""label"": ""ITO"", ""type"": ""Electrode"", ""location"": ""left side""},
        {""id"": ""e2"", ""label"": ""HIL"", ""type"": ""Layer"", ""location"": ""left""},
        {""id"": ""e3"", ""label"": ""HTL"", ""type"": ""Layer"", ""location"": ""top""},
        {""id"": ""e4"", ""label"": ""EML"", ""type"": ""Layer"", ""location"": ""center""},
        {""id"": ""e5"", ""label"": ""ETL"", ""type"": ""Layer"", ""location"": ""right""},
        {""id"": ""e6"", ""label"": ""EIL"", ""type"": ""Layer"", ""location"": ""right""},
        {""id"": ""e7"", ""label"": ""Metal"", ""type"": ""Electrode"", ""location"": ""right""},
        {""id"": ""e8"", ""label"": ""Hole Injection"", ""type"": ""Charge Carrier"", ""location"": ""left side of EML""},
        {""id"": ""e9"", ""label"": ""Electron Injection"", ""type"": ""Charge Carrier"", ""location"": ""right side of EML""},
        {""id"": ""e10"", ""label"": ""Recombination Zone"", ""type"": ""Region"", ""location"": ""center of EML""},
        {""id"": ""e11"", ""label"": ""Hole Transport"", ""type"": ""Charge Carrier Movement"", ""location"": ""from HIL to EML""},
        {""id"": ""e12"", ""label"": ""Electron Transport"", ""type"": ""Charge Carrier Movement"", ""location"": ""from ETL to EML""},
        {""id"": ""e13"", ""label"": ""Light Emission"", ""type"": ""Phenomenon"", ""location"": ""EML""}
      ],
      ""relations"": [
        {""source"": ""e1"", ""target"": ""e2"", ""type"": ""electrical_connection"", ""details"": ""ITO connected to HIL""},
        {""source"": ""e2"", ""target"": ""e3"", ""type"": ""layer_stack"", ""details"": ""HIL under HTL""},
        {""source"": ""e3"", ""target"": ""e4"", ""type"": ""layer_stack"", ""details"": ""HTL above EML""},
        {""source"": ""e4"", ""target"": ""e5"", ""type"": ""layer_stack"", ""details"": ""EML under ETL""},
        {""source"": ""e5"", ""target"": ""e6"", ""type"": ""layer_stack"", ""details"": ""ETL under EIL""},
        {""source"": ""e6"", ""target"": ""e7"", ""type"": ""electrical_connection"", ""details"": ""EIL connected to Metal""},
        {""source"": ""e1"", ""target"": ""e8"", ""type"": ""charge_injection"", ""details"": ""ITO injects holes into HIL""},
        {""source"": ""e7"", ""target"": ""e9"", ""type"": ""charge_injection"", ""details"": ""Metal injects electrons into EIL""},
        {""source"": ""e8"", ""target"": ""e10"", ""type"": ""charge_transport"", ""details"": ""Holes move from HIL to EML""},
        {""source"": ""e9"", ""target"": ""e10"", ""type"": ""charge_transport"", ""details"": ""Electrons move from EIL to EML""},
        {""source"": ""e10"", ""target"": ""e13"", ""type"": ""recombination_emission"", ""details"": ""Recombination in EML leads to light emission""},
        {""source"": ""e11"", ""target"": ""e4"", ""type"": ""charge_flow"", ""details"": ""Hole transport from HIL to EML""},
        {""source"": ""e12"", ""target"": ""e4"", ""type"": ""charge_flow"", ""details"": ""Electron transport from ETL to EML""}
      ]
    }
  ]
}",器件 (Devices)/类型 (Types)/OLED (有机发光二极管),0.95,有机发光二极管显示(OLED)/OLED材料科学/平板显示/有机电致发光器件的阴极修饰以及复合区对器件效率的影响,"The path explicitly identifies the research focus as OLED-related, and the abstract details cathode modification and recombination region optimization in OLED devices, confirming the classification.",,,18,['OLED'],图片展示了OLED的器件结构（含阳极ITO、空穴注入层HIL、空穴传输层HTL、发光层EML、电子传输层ETL、电子注入层EIL、金属阴极），以及空穴与电子在发光层复合发光的过程，与文本中OLED的结构组成、发光原理（电荷注入 - 传输 - 复合发光）对应。,"{'generated_question': '根据提供的 OLED 层结构图（图 1.1）及描述文字，请详细阐述载流子在器件内部的迁移路径、在何处复合形成激子，并说明决定该器件发光颜色的核心物理参数是什么？', 'generated_answer': '载流子的迁移路径如下：在外部电压作用下，空穴从阳极（ITO）出发，依次克服势垒注入并穿过空穴注入层（HIL）和空穴传输层（HTL）到达发光层（EML）；同时，电子从金属阴极（Metal）出发，经由电子注入层（EIL）和电子传输层（ETL）进入发光层（EML）。空穴和电子最终在发光层（EML）中结合形成激子，激子从不稳定的激发态回到基态时释放能量产生电致发光。决定发光颜色的核心物理参数是发光材料的最高分子占有轨道（HOMO）与最低未占有分子轨道（LUMO）之间的能级差。', 'qa_reasoning': None}",
images/img_in_image_box_495_1897_1626_2368.jpg,diagram,1.0,"图 1.4 基于离子导电膜的晶体管的电化学显示示意图 $ ^{[92]} $ ",,基于电解质的低电压晶体管由于其制备简单以及成本低廉等优点，同时在简易显示方面具有潜在的应用价值。said等人制备了单片集成的基于电解质的低电压有机晶体管与有机电致色变器件的显示单元 $ ^{[91]} $ 。在该简易显示单元中，pssh既被用于晶体管的栅介质，同时也作为电致色变器件的质子输运层。有机晶体管以p3ht作为沟道层，金作为源漏电极以及钛作为顶栅电极。而电致色变器件则是将 pssh 夹在两个 pedot:pss 电极之间。通过将晶体管的漏电极连接到电致色变器件的 pedot:pss 底电极形成一个简易显示单元。可以通过控制晶体管的开关来控制电致色变器件的颜色改变，从而实现显示的目的。实际上，电致色变器件颜色的改变是由于电致色变材料发看生了氧化-还原反应。这种简易显示的优点是具有较快的开关速度以及低功耗。kaihovirta 等人同样也报道了通过将以离子导电膜作为栅介质的晶体管与电致色变器件连接在一起的简易显示器件 $ ^{[92]} $ 。不同的他们利用了比较厚的离子导电膜 nafion 同时作为晶体管的栅介质以及器件的支撑衬底，如图 1.4 所示。当加上一个恒定的漏电压以及栅电压时，输出的源漏电流引起电致色变单元发生氧化还原反应，所以器件的颜色发生改变。当改变电压极性时，电致色变器件的颜色将会还原，如图 1.5 所示。事实上，基于电解质的低电压晶体管在这些简易显示单元中起到开关作用。berggren 等人通过印刷技术制备了  $ 5 \times 5 $  的有源矩阵简易电致色变显示器件 $ ^{[93]} $ 。该简易显示中的每个像素单元都包含一个基于 pedot:pss 的电致色变器件同时连接到一个以电解质为栅介质的电化学晶体管。为了提高显示器件的填充因子（显示单元与像素单元面积之比）以及开关速度，垂直结构的电致色变器件制备而成。同时这些研究人员还研究了不同的电致色变材料对简易显示器件对比度的影响。优化的简易显示器件具有较高的填充因子以及较快的开关速度。,['基于电解质的低电压晶体管由于其制备简单以及成本低廉等优点，同时在简易显示方面具有潜在的应用价值。said等人制备了单片集成的基于电解质的低电压有机晶体管与有机电致色变器件的显示单元 $ ^{[91]} $ 。在该简易显示单元中，pssh既被用于晶体管的栅介质，同时也作为电致色变器件的质子输运层。有机晶体管以p3ht作为沟道层，金作为源漏电极以及钛作为顶栅电极。而电致色变器件则是将 pssh 夹在两个 pedot:pss 电极之间。通过将晶体管的漏电极连接到电致色变器件的 pedot:pss 底电极形成一个简易显示单元。可以通过控制晶体管的开关来控制电致色变器件的颜色改变，从而实现显示的目的。实际上，电致色变器件颜色的改变是由于电致色变材料发看生了氧化-还原反应。这种简易显示的优点是具有较快的开关速度以及低功耗。kaihovirta 等人同样也报道了通过将以离子导电膜作为栅介质的晶体管与电致色变器件连接在一起的简易显示器件 $ ^{[92]} $ 。不同的他们利用了比较厚的离子导电膜 nafion 同时作为晶体管的栅介质以及器件的支撑衬底，如图 1.4 所示。当加上一个恒定的漏电压以及栅电压时，输出的源漏电流引起电致色变单元发生氧化还原反应，所以器件的颜色发生改变。当改变电压极性时，电致色变器件的颜色将会还原，如图 1.5 所示。事实上，基于电解质的低电压晶体管在这些简易显示单元中起到开关作用。berggren 等人通过印刷技术制备了  $ 5 \\times 5 $  的有源矩阵简易电致色变显示器件 $ ^{[93]} $ 。该简易显示中的每个像素单元都包含一个基于 pedot:pss 的电致色变器件同时连接到一个以电解质为栅介质的电化学晶体管。为了提高显示器件的填充因子（显示单元与像素单元面积之比）以及开关速度，垂直结构的电致色变器件制备而成。同时这些研究人员还研究了不同的电致色变材料对简易显示器件对比度的影响。优化的简易显示器件具有较高的填充因子以及较快的开关速度。'],"{
  ""diagrams"": [
    {
      ""id"": ""sub_diagram_1"",
      ""domain"": ""Electronic Circuit"",
      ""summary"": ""A MemFET-based electronic circuit with an EC-display and PANI component, showing current flow through a membrane structure."",
      ""entities"": [
        {""id"": ""e1"", ""label"": ""MemFET"", ""type"": ""Transistor"", ""location"": ""top-left""},
        {""id"": ""e2"", ""label"": ""S"", ""type"": ""Source Terminal"", ""location"": ""left of MemFET""},
        {""id"": ""e3"", ""label"": ""D"", ""type"": ""Drain Terminal"", ""location"": ""right of MemFET""},
        {""id"": ""e4"", ""label"": ""EC-display"", ""type"": ""Display Device"", ""location"": ""top-right""},
        {""id"": ""e5"", ""label"": ""PANI"", ""type"": ""Conductive Polymer"", ""location"": ""right of EC-display""},
        {""id"": ""e6"", ""label"": ""Membrane"", ""type"": ""Physical Layer"", ""location"": ""center""},
        {""id"": ""e7"", ""label"": ""G"", ""type"": ""Gate Terminal"", ""location"": ""below MemFET""},
        {""id"": ""e8"", ""label"": ""I"", ""type"": ""Current"", ""location"": ""between D and EC-display""},
        {""id"": ""e9"", ""label"": ""I"", ""type"": ""Current"", ""location"": ""between PANI and ground""},
        {""id"": ""e10"", ""label"": ""Ground"", ""type"": ""Reference Point"", ""location"": ""bottom-left""},
        {""id"": ""e11"", ""label"": ""Battery"", ""type"": ""Power Source"", ""location"": ""bottom-center""}
      ],
      ""relations"": [
        {""source"": ""e1"", ""target"": ""e2"", ""type"": ""has_terminal"", ""details"": ""MemFET has Source terminal S""},
        {""source"": ""e1"", ""target"": ""e3"", ""type"": ""has_terminal"", ""details"": ""MemFET has Drain terminal D""},
        {""source"": ""e1"", ""target"": ""e7"", ""type"": ""has_terminal"", ""details"": ""MemFET has Gate terminal G""},
        {""source"": ""e3"", ""target"": ""e4"", ""type"": ""connected_to"", ""details"": ""Drain D connected to EC-display""},
        {""source"": ""e4"", ""target"": ""e5"", ""type"": ""connected_to"", ""details"": ""EC-display connected to PANI""},
        {""source"": ""e5"", ""target"": ""e10"", ""type"": ""connected_to"", ""details"": ""PANI connected to ground""},
        {""source"": ""e7"", ""target"": ""e11"", ""type"": ""connected_to"", ""details"": ""Gate G connected to battery""},
        {""source"": ""e11"", ""target"": ""e10"", ""type"": ""connected_to"", ""details"": ""Battery connected to ground""},
        {""source"": ""e10"", ""target"": ""e7"", ""type"": ""connected_to"", ""details"": ""Ground connected to Gate G""},
        {""source"": ""e3"", ""target"": ""e8"", ""type"": ""flows_from"", ""details"": ""Current I flows from Drain D""},
        {""source"": ""e5"", ""target"": ""e9"", ""type"": ""flows_to"", ""details"": ""Current I flows to PANI""}
      ]
    }
  ]
}",核心 (Core)/背板 (Backplane)/氧化物TFT (IGZO TFT / Metal Oxide TFT),0.95,有机发光二极管显示(OLED)/OLED材料科学/平板显示/无机双电层栅介质及其低电压氧化物微纳晶体管应用,"The path explicitly places the research within the context of oxide micro/nanotransistors for flat-panel displays, and the abstract details high-performance oxide TFTs with EDL gate dielectrics, directly aligning with metal oxide TFTs for display backplanes.",,,20,"['电致色变器件', '晶体管', '离子导电膜', 'PANI']",图片展示了集成的器件结构：左侧为带源（S）、漏（D）、栅（G）电极的MemFET（晶体管），中间是Membrane（离子导电膜），右侧连接EC - display（电致色变器件）及PANI（电致色变材料），电路实现电流控制。对应文本中‘基于电解质的晶体管’（MemFET）、‘电致色变器件’（EC - display）、‘离子导电膜’（Membrane，如nafion）、‘电致色变材料（PANI）’等技术术语。,"{'generated_question': '根据图 1.4 及其对应的文字描述，分析 Kaihovirta 等人设计的电化学显示器件中，离子导电膜（Membrane，此处指 Nafion 膜）承担了哪两项关键的结构或功能角色？并结合示意图简述该器件实现颜色状态切换的物理化学机制。', 'generated_answer': '在该器件设计中，离子导电膜承担了两个角色：1) 作为 MemFET 晶体管的栅介质；2) 作为整个显示器件的支撑衬底。其颜色切换机制为：当施加恒定的漏电压和栅电压时，产生的源漏电流（I）引起电致色变单元（EC-display）发生氧化还原反应，导致颜色改变；通过改变电压极性，可使氧化还原反应逆转，从而实现颜色的还原。', 'qa_reasoning': None}",
images/img_in_image_box_892_402_1533_1080.jpg,diagram,1.0,图 1.3 hit 太阳电池结构图,,作为一种高效太阳电池的设计和制造方法，hit 电池最早由日本的三洋公司所提出。hit 电池是一种具有非晶硅/单晶硅异质结构的太阳能电池，该电池是以晶体硅为基体和非晶硅薄膜相结合组成的新型太阳电池。hit 电池具有制备温度低、转换效率高、高温特性好等优点，hit 电池的高效率是该电池和传统晶硅电池相竞争的最大优势。hit 电池的基本构造为晶体硅片的表面沉积作为受光照层的本征 a-si：h 膜和 p 型 a-si：h 膜，以及背面所沉积的本征和 n 型 a-si：h 膜，上下两侧的顶层均需制备透明导电电极。在 a-si：h 和电极之间沉积一层 tco 薄膜，其目的为保证电流的正常输出，图 1.3 为 hit 电池结构。作为导电层和减反射层的 tco 薄膜必须具有较高的透过率和较低的方块电阻。基于该特性，采用磁控溅射技术在电池两侧沉积 ito 薄膜作为透明电极，在 hit 电池中得到了广泛应用 $ ^{[27]} $ 。ito 薄膜作为 hit 太阳电池的透明导电电极，同时起到了减少反射和增加导电的作用，其性能好坏对电池效率具有很大影响 $ ^{[28]} $ 。,['作为一种高效太阳电池的设计和制造方法，hit 电池最早由日本的三洋公司所提出。hit 电池是一种具有非晶硅/单晶硅异质结构的太阳能电池，该电池是以晶体硅为基体和非晶硅薄膜相结合组成的新型太阳电池。hit 电池具有制备温度低、转换效率高、高温特性好等优点，hit 电池的高效率是该电池和传统晶硅电池相竞争的最大优势。hit 电池的基本构造为晶体硅片的表面沉积作为受光照层的本征 a-si：h 膜和 p 型 a-si：h 膜，以及背面所沉积的本征和 n 型 a-si：h 膜，上下两侧的顶层均需制备透明导电电极。在 a-si：h 和电极之间沉积一层 tco 薄膜，其目的为保证电流的正常输出，图 1.3 为 hit 电池结构。作为导电层和减反射层的 tco 薄膜必须具有较高的透过率和较低的方块电阻。基于该特性，采用磁控溅射技术在电池两侧沉积 ito 薄膜作为透明电极，在 hit 电池中得到了广泛应用 $ ^{[27]} $ 。ito 薄膜作为 hit 太阳电池的透明导电电极，同时起到了减少反射和增加导电的作用，其性能好坏对电池效率具有很大影响 $ ^{[28]} $ 。'],"{
  ""diagrams"": [
    {
      ""id"": ""sub_diagram_1"",
      ""domain"": ""Electronic Device Structure"",
      ""summary"": ""A cross-sectional view of a multi-layer semiconductor device, likely a thin-film transistor or solar cell, with ITO electrodes on top and bottom."",
      ""entities"": [
        {
          ""id"": ""e1"",
          ""label"": ""Electrode"",
          ""type"": ""Electrode"",
          ""location"": ""top""
        },
        {
          ""id"": ""e2"",
          ""label"": ""ITO"",
          ""type"": ""Material Layer"",
          ""location"": ""top layer""
        },
        {
          ""id"": ""e3"",
          ""label"": ""p-a Si:H"",
          ""type"": ""Material Layer"",
          ""location"": ""second layer from top""
        },
        {
          ""id"": ""e4"",
          ""label"": ""i-a Si:H"",
          ""type"": ""Material Layer"",
          ""location"": ""third layer from top""
        },
        {
          ""id"": ""e5"",
          ""label"": ""n-type C-Si"",
          ""type"": ""Material Layer"",
          ""location"": ""fourth layer from top""
        },
        {
          ""id"": ""e6"",
          ""label"": ""i-a Si:H"",
          ""type"": ""Material Layer"",
          ""location"": ""fifth layer from top""
        },
        {
          ""id"": ""e7"",
          ""label"": ""n-a Si:H"",
          ""type"": ""Material Layer"",
          ""location"": ""sixth layer from top""
        },
        {
          ""id"": ""e8"",
          ""label"": ""ITO"",
          ""type"": ""Material Layer"",
          ""location"": ""bottom layer""
        },
        {
          ""id"": ""e9"",
          ""label"": ""Electrode"",
          ""type"": ""Electrode"",
          ""location"": ""bottom""
        }
      ],
      ""relations"": [
        {
          ""source"": ""e1"",
          ""target"": ""e2"",
          ""type"": ""layer_on_top_of"",
          ""details"": ""Electrode is on top of ITO layer""
        },
        {
          ""source"": ""e2"",
          ""target"": ""e3"",
          ""type"": ""layer_on_top_of"",
          ""details"": ""ITO layer is on top of p-a Si:H layer""
        },
        {
          ""source"": ""e3"",
          ""target"": ""e4"",
          ""type"": ""layer_on_top_of"",
          ""details"": ""p-a Si:H layer is on top of i-a Si:H layer""
        },
        {
          ""source"": ""e4"",
          ""target"": ""e5"",
          ""type"": ""layer_on_top_of"",
          ""details"": ""i-a Si:H layer is on top of n-type C-Si layer""
        },
        {
          ""source"": ""e5"",
          ""target"": ""e6"",
          ""type"": ""layer_on_top_of"",
          ""details"": ""n-type C-Si layer is on top of i-a Si:H layer""
        },
        {
          ""source"": ""e6"",
          ""target"": ""e7"",
          ""type"": ""layer_on_top_of"",
          ""details"": ""i-a Si:H layer is on top of n-a Si:H layer""
        },
        {
          ""source"": ""e7"",
          ""target"": ""e8"",
          ""type"": ""layer_on_top_of"",
          ""details"": ""n-a Si:H layer is on top of ITO layer""
        },
        {
          ""source"": ""e8"",
          ""target"": ""e9"",
          ""type"": ""layer_on_top_of"",
          ""details"": ""ITO layer is on top of bottom electrode""
        }
      ]
    }
  ]
}",器件 (Devices)/类型 (Types)/OLED (有机发光二极管),0.95,有机发光二极管显示(OLED)/OLED材料科学/平板显示/林德发展再创新高，为中国三大8．5代液晶面板显示器制造商提供全面气体解决方案,"The path explicitly includes 'OLED' and 'OLED材料科学', and the abstract focuses on ITO films for transparent conductive applications in OLED-related devices, confirming the OLED context despite the mention of silicon substrates.",,,34,['HIT电池'],图片展示了HIT（异质结）太阳电池的层状结构，包含ITO薄膜、非晶硅（a - Si:H）层、晶体硅（C - Si）层及电极，与文本中描述的HIT电池基本构造（以晶体硅为基体结合非晶硅薄膜、上下层制备透明导电电极等）完全对应。,"{'generated_question': '根据提供的 HIT 太阳电池结构图（图 1.3）及文字说明，请详细阐述 ITO 薄膜在该电池结构中的具体物理功能，并按顺序给出从受光面顶部电极向下至 n 型单晶硅（n-type C-Si）基底的完整材料层叠结构。', 'generated_answer': '1. ITO 薄膜的功能：ITO 作为一种透明导电氧化物（TCO）薄膜，在 HIT 电池中具有双重关键作用：首先，它作为透明导电电极，凭借低方块电阻特性保证电流的正常输出；其次，利用其高透过率特性作为减反射层，起到减少光反射、增加光吸收的作用。\n2. 层叠结构顺序（自上而下）：电极 (Electrode) → ITO 薄膜 → p 型氢化非晶硅膜 (p-a Si:H) → 本征氢化非晶硅膜 (i-a Si:H) → n 型单晶硅基底 (n-type C-Si)。', 'qa_reasoning': None}",
images/img_in_image_box_467_915_2009_1664.jpg,diagram,0.99,图 2-5 开口率的计算,,另外，black matrix 部分为信号走线和存储电容区域，是不透光的，即存在开口率的问题，如图 2-5 所示。开口率的计算公式为：$$  开口率 = \frac{ 有效透光区域面积 }{ 全部面积 } \times 100\%  $$综合上述因素，这一层的透过率仅为 30% 左右。,['另外，black matrix 部分为信号走线和存储电容区域，是不透光的，即存在开口率的问题，如图 2-5 所示。开口率的计算公式为：$$  开口率 = \\frac{ 有效透光区域面积 }{ 全部面积 } \\times 100\\%  $$综合上述因素，这一层的透过率仅为 30% 左右。'],"{
  ""diagrams"": [
    {
      ""id"": ""sub_diagram_1"",
      ""domain"": ""Thin-Film Transistor Display Cell"",
      ""summary"": ""Cross-sectional view of a TFT display pixel showing electrode layers and storage capacitor."",
      ""entities"": [
        {""id"": ""e1"", ""label"": ""TFT"", ""type"": ""Transistor"", ""location"": ""left side, connected to source electrode""},
        {""id"": ""e2"", ""label"": ""Display electrode"", ""type"": ""Electrode"", ""location"": ""top layer, red""},
        {""id"": ""e3"", ""label"": ""Source electrode"", ""type"": ""Electrode"", ""location"": ""bottom left, green""},
        {""id"": ""e4"", ""label"": ""Gate electrode"", ""type"": ""Electrode"", ""location"": ""right side, green""},
        {""id"": ""e5"", ""label"": ""存储电容"", ""type"": ""Storage Capacitor"", ""location"": ""bottom center, yellow""},
        {""id"": ""e6"", ""label"": ""有效的透光区域"", ""type"": ""Transparent Area"", ""location"": ""right panel, teal region""}
      ],
      ""relations"": [
        {""source"": ""e1"", ""target"": ""e3"", ""type"": ""connected_to"", ""details"": ""TFT connected to Source electrode""},
        {""source"": ""e1"", ""target"": ""e4"", ""type"": ""connected_to"", ""details"": ""TFT connected to Gate electrode""},
        {""source"": ""e3"", ""target"": ""e5"", ""type"": ""connected_to"", ""details"": ""Source electrode connected to Storage Capacitor""},
        {""source"": ""e4"", ""target"": ""e5"", ""type"": ""connected_to"", ""details"": ""Gate electrode connected to Storage Capacitor""},
        {""source"": ""e5"", ""target"": ""e6"", ""type"": ""part_of"", ""details"": ""Storage Capacitor is part of the effective transparent area""},
        {""source"": ""e2"", ""target"": ""e6"", ""type"": ""overlaps_with"", ""details"": ""Display electrode overlaps with effective transparent area""}
      ]
    }
  ]
}",器件 (Devices)/类型 (Types)/OLED (有机发光二极管),0.9,有机发光二极管显示(OLED)/OLED材料科学/平板显示/液晶导光板改进设计与扩展应用,"The path explicitly identifies the research context as OLED, despite mentioning 'liquid crystal light guide plate' in the final component, which is a misalignment; the primary focus remains on OLED technology.",,,9,['开口率'],图片左侧展示了包含存储电容、TFT、电极等的显示结构，右侧以虚线框（标注100%）和绿色区域（标注“有效的透光区域”）对比，直观呈现了“有效透光区域面积”与“全部面积”的关系，与文本中“开口率 = 有效透光区域面积/全部面积×100%”的公式对应，支撑了“开口率”的概念。,"{'generated_question': '根据图 2-5 及其配套文字，请识别导致像素开口率降低的具体非透光组件，并说明该像素结构的开口率是如何定义的。', 'generated_answer': '根据提供的内容，导致像素开口率降低的具体非透光组件包括：TFT（薄膜晶体管）、Source electrode（源极/信号走线）、Gate electrode（栅极/信号走线）以及存储电容区域。文本指出这些部分属于不透光的区域（通常包含在 black matrix 范围内）。该像素结构的开口率定义为“有效透光区域面积”与“全部面积”的比值，计算公式为：开口率 = (有效透光区域面积 / 全部面积) × 100%。', 'qa_reasoning': None}",
